
drop table if exists `ebook`;
create table `ebook` (
  `id` bigint not null,
  `name` varchar(50),
  `category1_id` bigint,
  `category2_id` bigint,
  `description` varchar(200),
  `cover` varchar(200),
  `doc_count` int not null default 0 ,
  `view_count` int not null default 0 ,
  `vote_count` int not null default 0 ,
  primary key (`id`)
) engine=innodb default charset=utf8mb4 comment='ebook';

insert into `ebook` (id, name, category1_id, category2_id, description, cover, doc_count, view_count, vote_count) values (1, 'Spring Boot Tutorial', 200, 202, 'Getting Started with Java Development from Scratch: Best Preferred Framework for Enterprise Application Development', '', 22, 275, 32);
insert into `ebook` (id, name, category1_id, category2_id, description, cover, doc_count, view_count, vote_count) values (2, 'Vue Tutorial', 100, 101, 'Getting Started with Vue Development from Scratch: Best Preferred Framework for Enterprise Application Development', null, 3, 64, 10);
insert into `ebook` (id, name, category1_id, category2_id, description, cover, doc_count, view_count, vote_count) values (3, 'Python Tutorial', 300, 301, 'Getting Started with Python Development from Scratch: Best Preferred Framework for Enterprise Application Development', null, 3, 6, 0);
insert into `ebook` (id, name, category1_id, category2_id, description, cover, doc_count, view_count, vote_count) values (4, 'Mysql Tutorial', 400, 401, 'Getting Started with Mysql Development from Scratch: Best Preferred Framework for Enterprise Application Development', null, 3, 58, 7);
insert into `ebook` (id, name, category1_id, category2_id, description, cover, doc_count, view_count, vote_count) values (5, 'Oracle Tutorial', null, null, 'Getting Started with Oracle Development from Scratch: Best Preferred Framework for Enterprise Application Development', null, 3, 0, 0);
insert into `ebook` (id, name, category1_id, category2_id, description, cover, doc_count, view_count, vote_count) values (11, 'JCore Basics Tutorial', 200, 202, 'Dive Deep into Java with JCore: A Modern Guide for Robust and Scalable Applications.', null, 3, 32, 5);
insert into `ebook` (id, name, category1_id, category2_id, description, cover, doc_count, view_count, vote_count) values (12, 'OceanWave Java Tutorial', 200, 202, 'Navigating the Tides of Distributed Java Systems: A Comprehensive Guide to the OceanWave Framework.', null, 3, 9, 1);
insert into `ebook` (id, name, category1_id, category2_id, description, cover, doc_count, view_count, vote_count) values (13, 'AeroJava Guidebook', 200, 202, 'Taking Java to the Clouds: Seamless Integration for Modern Web and Microservice Patterns.', null, 3, 77, 14);
insert into `ebook` (id, name, category1_id, category2_id, description, cover, doc_count, view_count, vote_count) values (14, 'BeanStalk Journey', 200, 202, 'Sprouting Your Java Beans: Rapid Development Techniques for Efficient Enterprise Solutions.', null, 3, 0, 0);
insert into `ebook` (id, name, category1_id, category2_id, description, cover, doc_count, view_count, vote_count) values (15, 'Nebula Java Framework Guide', 200, 202, 'Crafting Stellar Java Applications: Unravel the Potential of Nebula for High-Performance Computing.', null, 3, 19, 2);
insert into `ebook` (id, name, category1_id, category2_id, description, cover, doc_count, view_count, vote_count) values (17, 'QuantumJ Handbook', 200, 202, 'Harnessing the Quantum Computing Power with Java: Next-Generation Solutions for Tomorrow''s Problems.', null, 3, 22, 3);
insert into `ebook` (id, name, category1_id, category2_id, description, cover, doc_count, view_count, vote_count) values (120, 'NexusJ Tutorial', 200, 202, 'Connecting the Dots with Java: A Holistic Approach to Modular and Interoperable Java Solutions.', null, 3, 2, 0);
insert into `ebook` (id, name, category1_id, category2_id, description, cover, doc_count, view_count, vote_count) values (345335889788014592, 'test', 200, 201, 'test', null, 0, 0, 0);



drop table if exists `category`;
create table `category` (
  `id` bigint not null ,
  `parent` bigint not null default 0 ,
  `name` varchar(50) not null ,
  `sort` int ,
  primary key (`id`)
) engine=innodb default charset=utf8mb4 comment='category';

insert into `category` (id, parent, name, sort) values (100, 0, 'Frontend Development', 3);
insert into `category` (id, parent, name, sort) values (101, 100, 'Vue', 1);
insert into `category` (id, parent, name, sort) values (102, 100, 'HTML & CSS', 2);
insert into `category` (id, parent, name, sort) values (200, 0, 'Java', 2);
insert into `category` (id, parent, name, sort) values (201, 200, 'Fundamental Learning', 1);
insert into `category` (id, parent, name, sort) values (202, 200, 'Framework Learning', 2);
insert into `category` (id, parent, name, sort) values (300, 0, 'Andriod', 1);
insert into `category` (id, parent, name, sort) values (301, 300, 'Basic Applications', 1);
insert into `category` (id, parent, name, sort) values (302, 300, 'Advanced Applications', 2);
insert into `category` (id, parent, name, sort) values (400, 0, 'Database', 400);
insert into `category` (id, parent, name, sort) values (401, 400, 'MySQL', 401);
insert into `category` (id, parent, name, sort) values (500, 0, 'Other', 500);
insert into `category` (id, parent, name, sort) values (501, 500, 'Server', 501);
insert into `category` (id, parent, name, sort) values (502, 500, 'Development Tools', 502);
insert into `category` (id, parent, name, sort) values (503, 500, 'Popular Server-Side Languages', 503);


-- alter table `ebook` add foreign key(category1_id) references `category`(id);
-- alter table `ebook` add foreign key(category2_id) references `category`(id);



drop table if exists `doc`;
create table `doc` (
  `id` bigint not null,
  `ebook_id` bigint not null default 0,
  `parent` bigint not null default 0 ,
  `name` varchar(50) not null ,
  `sort` int ,
  `view_count` int default 0 ,
  `vote_count` int default 0 ,
  primary key (`id`)
) engine=innodb default charset=utf8mb4 comment='document';

insert into `doc` (id, ebook_id, parent, name, sort, view_count, vote_count) values (1, 1, 0, 'Doc1', 1, 146, 13);
insert into `doc` (id, ebook_id, parent, name, sort, view_count, vote_count) values (2, 1, 1, 'Doc1.1', 1, 46, 1);
insert into `doc` (id, ebook_id, parent, name, sort, view_count, vote_count) values (3, 1, 0, 'Doc2', 2, 10, 0);
insert into `doc` (id, ebook_id, parent, name, sort, view_count, vote_count) values (4, 1, 3, 'Doc2.1', 1, 9, 1);
insert into `doc` (id, ebook_id, parent, name, sort, view_count, vote_count) values (344786682823970816, 1, 4, 'Doc2.1.1', 1, 13, 1);
insert into `doc` (id, ebook_id, parent, name, sort, view_count, vote_count) values (344809467411566592, 1, 0, 'Doc 3', 3, 3, 1);
insert into `doc` (id, ebook_id, parent, name, sort, view_count, vote_count) values (344809510294130688, 1, 0, 'Doc 4', 4, 3, 1);
insert into `doc` (id, ebook_id, parent, name, sort, view_count, vote_count) values (344809540228878336, 1, 0, 'Doc 5', 5, 4, 1);
insert into `doc` (id, ebook_id, parent, name, sort, view_count, vote_count) values (344810285409898496, 1, 0, 'Doc 6', 6, 3, 1);
insert into `doc` (id, ebook_id, parent, name, sort, view_count, vote_count) values (344810320184872960, 1, 0, 'Doc 7', 7, 4, 1);
insert into `doc` (id, ebook_id, parent, name, sort, view_count, vote_count) values (344810353336651776, 1, 0, '6', 8, 5, 1);
insert into `doc` (id, ebook_id, parent, name, sort, view_count, vote_count) values (344958891127345152, 1, 3, 'Doc2.2', 2, 1, 0);
insert into `doc` (id, ebook_id, parent, name, sort, view_count, vote_count) values (344958974724018176, 1, 344958891127345152, 'Doc2.2.1', 1, 2, 1);
insert into `doc` (id, ebook_id, parent, name, sort, view_count, vote_count) values (344959029111558144, 1, 344958891127345152, 'Doc2.2.2', 2, 2, 1);
insert into `doc` (id, ebook_id, parent, name, sort, view_count, vote_count) values (344959093296992256, 1, 344958891127345152, 'Doc2.2.3', 3, 2, 1);
insert into `doc` (id, ebook_id, parent, name, sort, view_count, vote_count) values (346936932292497408, 1, 1, 'Doc1.2', 2, 5, 1);
insert into `doc` (id, ebook_id, parent, name, sort, view_count, vote_count) values (346937003960569856, 1, 1, 'Doc1.3', 3, 1, 1);
insert into `doc` (id, ebook_id, parent, name, sort, view_count, vote_count) values (346937119761108992, 1, 1, 'Doc1.4', 4, 4, 1);
insert into `doc` (id, ebook_id, parent, name, sort, view_count, vote_count) values (347036454628757504, 1, 0, 'Doc8', 9, 1, 1);
insert into `doc` (id, ebook_id, parent, name, sort, view_count, vote_count) values (347036678633951232, 1, 0, 'Doc9', 10, 2, 1);
insert into `doc` (id, ebook_id, parent, name, sort, view_count, vote_count) values (347036719729741824, 1, 0, 'Doc10', 11, 5, 1);
insert into `doc` (id, ebook_id, parent, name, sort, view_count, vote_count) values (347067110301765632, 1, 4, 'Doc2.1.2', 2, 6, 1);
insert into `doc` (id, ebook_id, parent, name, sort, view_count, vote_count) values (347356082802397184, 347356020105940992, 0, '1', 1, 0, 0);
insert into `doc` (id, ebook_id, parent, name, sort, view_count, vote_count) values (347356109536890880, 347356020105940992, 0, '1', 1, 0, 0);



drop table if exists `content`;
create table `content` (
  `id` bigint not null ,
  `content` mediumtext not null ,
  primary key (`id`)
) engine=innodb default charset=utf8mb4 comment='document cotent';

insert into `content` (id, content) values (1, '<p>1111</p><h3>Building an&nbsp;<i>Application</i>&nbsp;with&nbsp;<i><b>Spring Boot&nbsp;</b></i>? ?</h3><h5>What You Need ?</h5>');
insert into `content` (id, content) values (2, '<h3 id="8y8dq">Building an <i style=""><font color="#c24f4a">Application</font></i> with <i><b><font color="#8baa4a">Spring Boot&nbsp;</font></b></i>? ?</h3><h5 id="7q8vc">What You Need ?</h5><ul><li><p><font size="1"><a href="https://www.oracle.com/java/technologies/downloads/" style="">Java&nbsp;</a>jdk</font></p></li></ul><div><img src="data:image/png;base64,iVBORw0KGgoAAAANSUhEUgAAAlgAAAE7CAYAAAAB7v+1AAAABHNCSVQICAgIfAhkiAAAAAZiS0dEAP8A/wD/oL2nkwAAAF96VFh0UmF3IHByb2ZpbGUgdHlwZSBBUFAxAAAImeNKT81LLcpMVigoyk/LzEnlUgADYxMuE0sTS6NEAwMDCwMIMDQwMDYEkkZAtjlUKNEABZiYm6UBoblZspkpiM8FAE+6FWgbLdiMAAAgAElEQVR4nOzdeXxU1fk/8M/n3JmEsLmCW7W2Whesy6+gIlmm2NYiZBEUqtal1RqFJCAubW2taPdaLcUEVPy60NrahiomE9BqLSYBRSuttZVvF1vriogLIpBt7vn8/gC/RQWSmXtn7gTO+/Wyr77I3Oc8WWbmmXPPeQ7gOI7jOI7jOI7jOI7jOI7jOI7jOI7jOI7jOI7jOI7jOI7jOI7jOI7jOI7jOI7jOI7jOI7jOI7jOI7jOI7jOI7jOI7jOI7jOI7jOI7jOI7jOI7jOI7jOI7jOI7jOI7jOI7jOI7jOI7jOI7jOI7jOI7jOI7jOI7jOI7jOI7jOI7jOI7jOI7jOI7jOI7jOI7jOI7jOI7jOI7jOI7jOI7jOI7jOI7jOI7jOI7jOI7jOI7jOI7jOI7jOI7jOI7jOI7jOI7jOI7jOI7jOI7jOI7jOI7jOI7jOI7jOI7jOI7jOI7jOI7jOI7jOM52MeoEHMdxHAcAqpMjBxZy0EgJXyBwuICDILwM4n+N9HBn0aZH539u5TtR5+k4feEKLMdxHCdytUsSo+DrmwRP28HDllqkvj23YvmjucrLcTLlCizHcRwnUnWLyybJ4maCw3t/tDZSnHpTZevPs5+Z42TOFViO4zhOZGqby04GcR/B3dK4LGVlz5xb2X5v1hJznIBcgeU4juNEYmpLyR4xmYcBjkz/av0THk+uH9/6cviZOU5wJuoEHMdxnF2TJ3NqZsUVAPATStkzw83IccLjCizHcRwn5yY3wiNweqAg5DkhpeM4oXMFluM4jpNzQwqLB0oYHTDMwdMWJ/YNJSHHCZkrsBzHcZyc263Qj5PcP1gUeoYaFk5GjhMuV2A5juM4OWc7Ci2grqBxCOuHkY/jhM0VWI7jOE7OrdsdnQKeDRKDUIfp8l4NKyfHCZMrsBzHcZycW/Dp1i4KfwgSQ8Af50xsXRdWTo4TJldgOY7jOLlHSEaLJAW4xWdvCS8hxwmXK7Acx3GcSHRrUzuIX2dyraDfxjtSvw07J8cJi+vk7jiO40Tm0gdL9/N7+DuAI/p6jaB/G7LqpvLWv2YzN8cJws1gOY7jOJH56bj21dbYiYAW9+0KPSZosiuunHznZrAcx3GcyFUnRw4swMDzAHMhgVEf/LqApyH8rJv4+fyK1jeiyNFx0uEKLMdxHCdvTG0p2cOTDpLMoTQoMpbdMPZffk/Xf+ZO/MObUefnOI7jOI7jOI7jOI7jOI7jOI7jOI7jOI7jOI7jOI7jOI7jOI7jOI7jOI7jOI7jOI7jOI7jOI7jOI7jOI7jOI7jOI7jOI7jOE6m3FE5AGY+OHrPnh4Ol88SwDuQhodKGERAUee2sxBAEhtl9ZxkXzQxu9ynt+bm8mVvR53bzmRy44iCj2Colxps49v6+vqiou5Na9fahZNX9YD58/ddnRw5sNDzYgCwsSeu2AGdnfNHrezJ5pizliZiG3veLuzpLBqc8uIHe/AGWouDIQwG5NPoBYDrCb69wU+9MCi+prt+/HNd2cwpqLolhxYCexYCm3+O2cp5cuOIgj2KimLv/c4AILbB9MyesqIjrPhDCvcoHBTvoV9UZFNDNnSF/fcwSzDrF44uTA22cb+oyK5du7Z74ZRV3WGO8UGTG+HtO/jQWGFsYKwrNcDb+mvv/b66hu9ms/23H5X//sxjg9WDwwy9j1tgd0D+e48RQQqCwcue1X86ija9gD2wKZs/k1lLE7F173bulWLhx2EU9yxXd2LjK/MrVm4KEneXLbASSxOxI9d3Hw2x1GNskiFOAFEI0ESd285PFkKXLJ7wTeo+Scv+d2jBX1rHtqaizqw/qU6OHFikgYf6MAeI9kQjfhTgEQL2JnWgtI3nN/EvAm8LeInAywKfFVLPe/Be8Tq6Xw7rDbJPBNYmE+MIVQk4hcT+EkiiU8AfCSyypqdp7oTHXwhryNrmso/R2EMgjgU4CsDRAvYm4Akgwff9zAQJgiXRCeEfAP4Mwydh8SfE/H/Vj1+2NqzcgqhJln7KgBMBnAphhAAPRIrA/0JotlTL3Ir2PwYZY3qy7BMCjxBsCcRiAAcB2AcAuLlYfxngQxKSDRWtD2ZSwNctKRkh651OaRyAT0oYAOBdks+A+p21ftPcyuXPBvk+6paUDIPlKRAnAThWwoEEN4H6h8BHKDTXV7auCDLGe6a2lOxhiMMgfswIRwM8FsC+APeRNHzrx5LoBPBPCe8Q+CeAP9HjP2jw/JxTW/8TRj5RqFtSMsz65lBDnSjLEhLHCDiYgNfb+60kH8QGAH+i1EbPPGo8+7efjmtfHUZum8+99E6DdA6I0q1eB3xArwL8tTz9vGF8218yib/LFViTG+HtVVh8piFOM/SqCG7zk76TO5K6LfxmWX/R8KoVv7qOsFHnlM9qm0qKSZ4imJNIjQS4Z9CYgl4g8HdBf6XMU1KqtaFq+ath5Lstl7SMPiCmgh8SPGfHienvAK+rr2y9J9OxZgnmzZaSSsCrJFQC8BOZxvpvWvJJrAS1Alb31Vcuaw0aMxOTG0cU7FO091UQLic5ZLsPFNaB9sb68vbvpVv4TF9cMk6++YKIsQQ/2qeLpEavQJem80ZYkyy7jOCVBPbdQeC1Fpw9t6L1B32Nu7Xa5rKTSfwA4AnbHQHoBOzPlOr8RqaHS9e1lHwW8k6RNAbECcHeZ/RPASsB/r4bWDS/ovWNzGPlzvSW0jGyrAQxVsDxH/zwkilBf4bYZonGeRWtyzKNU7skMQo+ZhMo6WXE1Ra4YW5F20/SHWOXKrDqmsompeRfHvfiY5Q/d0ecLQiix+95zPP444aKZfdHnU8+mdk4uqh7YOE4Wl1O8CgQu2drrC3FwysAVon6hWe7H55T+cSasOJf+mDpfn63uQ/E6D5ekhJQ3VDRemc648xsHF3kDyg8w0J1JI4BWJhBun2g9QKeBnXbJt823VG1/N3sjPPBYcHalsTtBL6cxkU31le0XdHbo2YJ5o1k4jOGulbAcQQHpp8elnUDE/tSENS1lN0G8StpRL+xvrztynSKxbqW0gmyvGeHhej7x3goFu8+a/a4FW/15dEzG0cX9RQVTCQwQ+AIAoP7mltfSXoe5N3dwE35WGidvzQxYLd37edF1kIcldXXKegdAk9Yo+/NndDels6101tKx0jm1wA+0vcBNau+su3b6YyzSxRYtc0nfAy24LvyzFkmpCrayR4Lib69B6b76obKJ5+POp8obTX7cnnvn7SyQ8BrgO6XeF8PNywPsi7h/KWJAUPf1QKQU9LMYQOEKQ2VrQ/05fE1zYnPGepagGMySjRjWiXgewMK1zXdcMozG7M5Ul0ycSWA69O+kPpmfXnb97f35dpk4ghAswieGSS/zdQA79UrdrQOrLa5bBrJuWlHpr7WMKHtx30psmqXlB3NFB4GuU+awyThvTK5t3Vstc1lJwP4NsniNONnRloD8kZ4HbfWj39yfU7G7EVdsuwUAd8kWJbjoVOSFsiz18+dsOwfvT24bknJMPnmYW6+XZsGdYE6vb68fXFfr9jpi42Lmk48s5AF3yXNIVHn4qTHt/a5lLqvnn/aE7+OOpco1C0Zc4j82LcJnh11Lu8R9Iion+89of3nmdzKrWlJTDTSPZnMJkla3s2Np+yowNu8YSX+TYi1JAvSHSMsgh4R8K25FW2PZyN+bTJxBKRHSO6ffm7Y4NM/9ubyZf/+4NdqWkrPNzLXAjg4hDQBaKOFyra3/mt6svggIdaa2Xh6K0V7/La+j61tnlkqXEBgctojQAJ44fZmT+uWnDBUfuEswEwjMCDd+CFYKg9fbRjf+lQEYwMApraUfDxmvWtBTcneLHHvBP3biNfeVNn68x09rq657Gsgf5jRGNLvGeuc2Neidqdd0D25EV7NopLvFLJwgSuu+ifPmEMLTOHPaptKvz1LO+/f6rbUJUvOkB9rzafiCgAIfobinW+2JJ6tay67eNrSRJ9vg1Q/NTJO4dxMX4RJFhdi0HZn8WqSpZ9K9RQkCXNZlMUVsPnnZIAH65rLrqlOjkz79lqv8alJmRRXm3PD4Ji8S7b+t8mNIwrqkonrjXgHQiuuAICDCJyyva9axaoyH497xqzZ8Ro+AHZA/BOATstohM13PKZNboT3wa/NaCo+HKmi3xLmsoiKKwAYC18P1SbLzoti8Npk2Xkxea1g5s/rsBD8uKi76pKJedt7zs0SDIiLAgwy1vrxT/X14Tvlm1bdkkMLhw8ovcXEvKujfqF1giFZQGO+tba5+JbJjSN2id9lXXPZ1wTzS4IHRJ3LthAkgSNA3uJt0JLaJYlRfblu0BvxIYBODjK2gInb+vfpi0vGUUzm/pbgjnAoyOsKMahperIs8ML690xuHFEAsa/r17ZJwOfOX5oYAGyehdm3aO9fALgyG7uoCZbMWpqIffDfZy1NxEBNCBJbRK+3MX2YRJBF5gSOGz7opPet1ZmWLP2Mz1hLGusIs4bgHhDuqEkmrsrVmDMWJXavaymdQ3AB0lnHlHU0AKYWYNDC2qbiD30AebO55CQEyJcgKdOn1ztgJyywqpMjB/o9+9UbmjQWTDr5zjOxi4YN2PumbMwG5JPalrKvCvhe/9ndylKm1FLTnPhcb4/s6SkcTnC3QKMBB37w3+qayy621vwy0xmd7ONnBTxQ11Ly2TCi7bX77rsLOihQRtCgwg2bF2HLH1AP8IwwctsWAR9ZvWHDhz4crd6woSDohwiK+1UnE3v38qDDg4whyKON/V8hVdtcdrIH3kPi0CBxw0TSM8D365rLvpbtseqWlAyzMd0DmenZHitTBMfDxJpqFpcctvW/y+OBAIK9ttIc1vuDNtvpCqwCv+g6z5jMpwCdvOWRF8f8om9EnUe21LUkplL8EckP3Y7Ia+Q+hpg/taVkjx0+LGBRAAAS3/dmWdeSmCriZoI7HDt6PETW3FfXUhpoxgYAYp2xQQSG9/7IHdq90POH1yYTFxHM7u0lITa0sOdD630HdcSlrRpMZhZaXlypHS9clwKtNd5ym3APAJiWTJQQvBfgsCAxs4b8bm1LIu21Zn01o6n4cPnmEYDjsjVGWAiMojX3zHggcfB//834CthCgOr77tCdqsD6yqJR59Dzet2C7PRfnud986JFx6e1A60/2Nw3Rz+OOo8ADvasuXxHDxCDvdEBAKn/mwmZ3lxaBasbw+qvk20kh8Cau2uSZeODxlLg75ld9DmGwDVBc+l1JOKdtfE9AhVSO2Ji3PEbJnv5ep9w/fRk8UEGuC2brQdCEKPwk+ktiU+GHbg2mTjCGu8+gkeHHTtbCH7K9uiumQ+ODtwr8L9B1efNPTtNgTX1/tIDB3iDZ0edh5N9hd7AGy5pGZ2X65MycUnL6AMkcwPAQVHnEgSJidtaDBwmbTm+qiZZdpKl+R+QRdkcL3TE7gTurm1OnBp1KpK5EDlYPyPorws+3ZrXRwz1IgVxH8m7icARUSfTBx+x0g1hBqxbUjKM0q8Bjggzbk6QiZ6egts3/99gM6bp2mkKLENcTWrH9+KdnQKJA2O24Oqo8whLTPHp6fdkyUcc+sHFwKGPIHTOaD5xHyPcQqBfPt8J7gHqrtpkcWS/c0EH5GKBtiCBaM+ncy/TJUiELgZZFXUufUXw87XJRChLZaqTIwfCN78EeUwY8aJA8LS6ZOnV8tmBHJ4UslMUWJc0jzmZxuTVdnYn6744ral4bNRJBDWjqfhwiFOjziMMkoo8edkteoihloUN/fnFHgAIDge8n1/6YOl+EY2fo9uqXOlDfW7MmI8IxkEGWigfBUKX9roBoDcCCzBwFsBQNmhESuZyQBcCyNlB2h/aOtvfzGwcXdQtM5MM/1gCJ39tXs/CmTMbR6/I6QHFIfMZu5hEH4/u6FVK0BoCj0t8CcDz2rJegOABhA6CeIioYwgWIOznP9HZjdRrocb88CD7AcjajrdcIni0343vI62jbvoTbQR19c3ly96OOpNdkYAjC4SzANRnGqN2ceIMSJfuFC3Jid0Jnr65eWxu9PsCqyceP90YBl406vQ/xpjxPQXeRAC/jDqXTGzuOq4pwQ9U0FsSFkH2zjVdb/1h4ZRV3dt75ORGePvHE0NsXEcDKIUwVsLhJD/U/iADL99SvuKVEOJkjaDXAb4I6GVSL0LYIPDvJIbJYl+CB2xpgbA/yY9lPSHyS9ObE7/vrft0vyOsI3VlfXn7b6NOZVdFkKIumtpScncmRe4lLaMPgDQ7N70k9U8JL5H4k4R/g+wgRYmCZAgcAPAIUIcBOCjILs5cborp1wXWBU3FQwhzFXaSW51Oekh6MPGrpjWOaJ43ZdWGqPNJVyoVPxUBt9tLWg7ZrzVULVvel8cvnAIfaF0HoH3Lf9+vaS4+ivJKBHwOQEXmL6i6K7PrsmvzGhq2gPYha/mEF3vlmd7OlpvWlDjUA44XVQZg0uZbetlhoR/OaD7xoTAP1I6SoF/L07x0D+DduWiVwGchvQCDte/9K4EYLA4SeBCJo5HlTQYEj47JKwGQTPfauC34Lpi9ZseC3qbQCLCV9JfXVy5/sbdrZjaOLuoeFDvGiCdJrCL46WzlF4Z+XWDFYS+H4Qj03/WTTlDEJ+2A3WYC+E7UqaRLMgkGanqnx+IF3ZWzx614K0gecyuXPwvg2eqnRt5R9OrAIy30BcFcQGDfNHJ5KN7RsyBIHmET0EnoXhlbT772dG9F1dbmVbU+B+A5APfUNpddD6pCwhUhzfS9D8n9rQqvA3BJrw/OO9oo4EUAfyDxjE8+snZj2182F/K7FkkvkfyVhRbJ8PlhA/HGdWPbUtt67MzG0UV+kTfMKnYUiC8DOJXIzjIXQWcizQJr+uKScdbH2dmY6pH0LslbDHDbTZVt/0zn2i3LQZ4A8MQFTcW3D46x2FpzVQQHTPdJvy2wLrxv9JExE7/YFVe7OsFj7OIL7xv9m9snrfjfqLPpq7olJwyFryMyvz2o9b5hTX3A4mpr80et7AHwDIBnZixK/NjGdaGE83vreyPotyl2X1ifV2vh1E7im/Xlbe1BIzVUtj0P4Kap95cu8jx+C9CXwu60L+LMacnE3fMqWpeFGTc7ZAU+RuhReWhsGN/2l6gzipZWW2i+P8Cfd8spj73elyu2FAovbvnvgektJSOtzDUEK7OQ4GeveOiYQTec8szGvjy4bsmhhTZlrszGrUFBSyxw7byK1j8EjXVH1fJ3ATwI4MHa5rJpJK9CXh3b019vrQksNLEZBkzjE7azszIwBxTG4tOh/rMU0/TE95MCHar70LwJrU+Hlc8HzZnYuq6+vO1Ga3gKiGkCtvHGr1WgvhmPd5+dP2uvZCH77cLCdaeGUVxt7ebT2l9qqGitNsI5gFaHGZvgbp4wLd/P2xSwCOBpazrWfqa+ou1bu3pxJWk5LCbMrWi/tq/F1bbcVL5sZUNFW5WgSwH1qRDqM2Gvzs49+jzDI7v/5wEkQk1B6obst7v323javMq2wMXVBzVUts0jcaqEh8OOHUS/LLBq7i9OeJ45K+o8nPzhkWfXNJeWRp1HX1nP7EYi4+7ClmoJM5/tmTeh9bX68tab6XVMgOcfJaoKRqcTOqwLTNSXt30/6C3K8OgtAV+ur2yf1ddP65m4qbKtkbQVgFaGGVfExH0H75k359ttTdCfJYxf07H2zPqK1uSONlLsKgT9LF7QXVlf1fansGI2VLTNAeyXIIU2G0zSI21Jny8QpoV5XJck31A19ZXts7bMkmfFTeWtfx0w4O2JguZka4x09b9bhAKZjH0DwNCoU3HyCYeS+AaAfrGwVtbsRSLjzu3Gmpy+wdWPf3I9gFVb/ss7kt4UeNbcytacfIK9qXzZymlNiTM9o18BHBlGTAIDlGINgJow4oVDVsDNm6x/1ZZbMs5myXcH8+IFY1d0hh24vmLZb2qby3aDdGt4hQ5HQWBvDV/rWkpPgNDrwe19JnWAuOSmivafhRZzB2445ZmNkxtx+T4DEpbEzFyMuSP9bgarunn0eSTD+wNwdhqk+Xx185hzos6jLwQ/0AunNdYtPvyvFMBzc1VcvWdeVetz8Ox5od4uJM+oWXT8XqHFC0QbQdY2VLTVuuLqff7qG1QvGNsaenH1njWdbXcRDK39jIC9q383stdJCVlWAwytLhB1WUNFW06Kq/csnAJ/TefarwvK6bjb0q8KrHPvO2a4x5g7zNnZLg/elefed0zWttTnC4qhrpHorzY3DdTlDZWtD0Qxfv34ZatAXSQplBlFgsO92ICJYcQKQtKrFn55fXnrzVHnkk8k+RK+Om9Ca1Yb6i6cAh+xnusAvBxGPAJ7xzsG7HABeG1T8f5AiK8rtDc1VLTfElq8NCycsqp7k/VrAT0Wxfjv6VcF1lAz+Csxep90OwedbRNiNMcM5pALo84k2yieOaOpuN8d35EFja91vBHJi/h76svbF5MMbd2HwM+HFSuz8fW2PJ01t2L5o1HmkZeIX+SqmK8f/9i/IP0ipHC7G3CHx+bIi50I6qNhDCboj8Z2fz+MWJm6o2r5u4I/bXNz4Wj0mwKrNnnSEfTiO8WZbU52Gc+bWrOo5LCo88gqYnffxO6e1pTIy0XRuaG1Mj1fy4cF17F41w8B/DWMWAKOj/D3mqJ02a7dJHTbBHRaw9k5HvNWQZtCCDUY9LZ/i1Agrf1sWO1HJDsrHxrnNlQs/zOFuVGN328KLPrxy5lnPS6c/GTIAw3NZVHnsSPG8HUBgbrPExhlDO6pSZadFFZe/cx35054/IWokwCA2eNWvEXh+jBiEfxojPpUGLHSpzn1le13RTN2fqP022EDwymi+2pLD7bfBY9EI2iP7X215v7j9wRZHHwcQNK9cyuX5WSXc19slD9b0D+iGLtfFFgXN51UJsPzos7D6T/kmfOrkyf2fWtyjllqHaHA7Q0IjKLw25pk6bUzmk/cJ4zc+gf9s2vAxvzqHB97pRFSKFv2LXlcGHHSIqyIdXR/K+fj9gOCBMPfXje2dZud2bM6NrE4jDiktjuDFfMGHADhyKBjCOoxRj8JGidMd1Qtf9eI341i7LwvsOqWHFpImFm5OXDS2VkQGGBs7Jp8bdxYsDH1EoBQPlWRHGJgZvksXFqTLL126v2loR/nkneoefM/t/KdqNPYWv3457qsCasHj06Y2Ti6KJxYfZKynn/p7Lzqxp9X1vrE41EMbCyfCWMThRW3u3jZwhwV0ntsm7epJ7S+YGHpJB6IYhYr7wssv2fYF2LGK3UL2530CDF6ib3ju0+JOpNt2fJG9ucwYxI80sDM8jyzqq458bO6lpLPTluc2BlPO3jZ+DaSXYO9iXmmFcB/Qgh1dE+ht91bOllw29wJy57I4Xj9CoVXPL4SyVFcgtaQeCm7Y6TRiHT7USyp+/OxSJ9f0foGgcZcj5vXBVbdkpJhZGxG2Od+ObsGkgXG8y6tTo7c4e6ZqEhYIiD0XjoEBoM4F/Ie9nwtqUuW3TB9ccm4uiUn7BTNeSU9sfvQ2L+izmNb5oxrfQHSo0HjEBwuY3JSHAt6HZ7fkIux+i3i+XQOCw9Td9HGt4TsFlikCXx7EMJaGbaGkE5W0PD3oR9D1Iu8LrBsFy82NBEt9nR2BoZmZDw18KKo89iWNZ1trQCeyuog5P8DeLm15l6kBjxZmyy9tba57OQrHjom4y7yURIkAg9HsRamTwgJWLa5P1cwBvp4GCn1we/qxy/Lyw79eeTFqAbe77Mr3wX4dnZH0RGBQxAvrNnQlrd/R50FG/4o5fYkirwtsKoXjTmEMVMXdR75SLBP+fLnWdjrLOx11voNVjZvPzlEzXhmxtSWUbl6s+qzhVPgS/6PcjEWwYEgDydMNclHOrt2f6Y2WXpj3eKySbXNZR/LRQ5hoPiOhb+Ng6fzhwWeAbAucCCarLcaESQBbvaqN1RkM6bXAaKC7TjekUtaRh8gYXDQOIKWLZwCP4ycsmH+51a+A+a2wMrbswjp4RqCw93aq/+y1j4j9VxtrXnilknvP7l9xqLE7j7tiSIvM4anRJVjXiL3samCqwFcEHUqH/R657IH9ikqW0JwfC7HJfhxgJfB4jJQ/6htLmuHQXO3Nv5ufsXKMPruZIWoja93LP9b1HnsyMYh/MvQd/U6iEBrqKRwmj7ueBCser2z7cmsj9PPyTK6dUWE0KxXAWYlfAFi+1oi+JmHNCtCSCerSD0F8fxcjZeXM1iXNI85Oc74JFdc/ZeVvStmTWLeaSuSHyyuAGDOxNZ1Dae1/3bvyrZTJXtNNtb29F9CgRc7fVrTiWOjzuSDFk6BDw9fF/RKVDkQPIzkhRQaCzB4ZV2y7DvTmhKHzlL+vT4Q+Es+f0oGgAVjWzsFBr+lJO4fQjo7RizM959nPjBUdqqbvmJ45wN+kG95MITCIDEESfQju43aV6SeE9STq/Hy7gW0OjlyoJF3GRF8ynJn4Us/K+jsmTZnYmuvtx2uI2xDZft3fJv6HiCbi/z6Bw4F4zNzvPW9TxrGt/2FsJeG1LE5ABYSOALg1YZ69q1k4u7pixP5VpTm9ezVexhGwczsvj4LEqwNoYml058ZmAIy4PSYYDtSytv1V/9H3stQ7iYf8q7AKkgNnOQZnhp1HvnCWj3bKb823a2vb3S9fb21eDRLafVLBmZ8T4EX+UG621Jfsew3AKYCimSn0geRLABxlvX1YF1z2a9rm8tOjjonAIC0PuoU+sJSYXSYz/bauOd9hTDT5vRrog38QZzEOwOGxvL+lhN78DKAnB2tlVcF1gVNxUNozFVA9qZD+xtZ3XBH1fJ3071u4ZRV3YL/XQD5udsqAiQ9mvhV0xpH5OXsaENF288oXpTrrcQ7srnQ4hQQydpk2V2Rn31omBdH4/SOYRSCWW2rQeCPw3czq7M5htMPyAwP/J4rvOB1vJKzW2+ZmjOxdR1z+J6YV4VMXPYKGI6IOo98YaV/GGMfyvT6eQYH9dAAACAASURBVFXLl/qyeb/wMKeIT/oFQ/P2nMKbKlt/buGXC3g66ly2RnAgwfMN9fva5rILI0wk+O68HKAU/LVVyOotfgn/ydt2F07OkBoePEh2/1bDpKC3Q9OQNwXWhfeNPjLmxavdwvatyP6hoXJ5oE+YxiLjAm3nJMS8ePWF940O3lgvS+ZWLH8UNjUB0q1R5/JBJA8k+T91ycS8C5qKh0SdjxNAhK0HnPwhbP8InVzG2BnlR4ElsNDEZhhwZzzWIyME0YOuF8CgFafeDCejnYeBOaAwFp8O5e6TTLoaqpa/Wl/Zdomkzwh6FPl3q3fqQBNbUrck8ZFcDiqfB+RyvMyZMHbmBd86v30pCWuzGN/pJ0j796AboggNXF90QN6+nr5nlmCYrX4X25AXBda05uJPG2POjjqPfGNYEHi3gw3jVsVOyCPPrkuWlEWdR28aKtt+31DRNpbSFwEtDuPQ17AQKIGve6e2lOSsiSth8/LYow8J2AMLAEi+FUYq2yJgHTy9nK34Tv8hBf/wJuFwb30q74+0e7ul+CMCwjjUuk+if/MVaBi7iqS73bAVQYjDy/tPBP0Xhwrmqqiz6KubKtsaX+t4Y5KIT0uoF/BG1DltxhM8mdnVyZEDczGaaPbLxTjBBW8SKih7O/wkwproX/+dyFHB/w5IqqBIedcC50PIYQByVghG/gSrbh59HsnPRZ1HJrZeK7dL3YCWOmQ3LzbO4XrB0JHm89XNY86JOo++WjhlVffcirbHGypbp6cKe44ScAGgxcjmG3EfEKws1KBrcjNazs7nC0YI49Zp3sxWOjsx6s2gs1iCPK8r/zeoyXqHBW2qmo5IC6xz7ztmeJyxK6PMIVOC3um23bf5fs9l8vVFK33Ft6nrZW12D++NiKAeK7/R2lStJc4QbJV8fbEbnTda4bmo88tUDN6V5953TPBdNDl2yymPvd5Q0XpnfUVbObzUyZa6WMBtiuh3IeCKupay0uyPxKNyNVuWqSseOmYQiQNDCNVPWlI4/RnJV0kEarFAkIbmuLByyhraT5LM5trG94n0LMKhZvBXDL2j+tv8j7X+L3zP++EtVY/99YNfm9F84j4pv6CChj8kuVcU+YVNvv5ilbpibc9jj2zjWI1fXrzoxIa4KZhKY74aSYIZEzyaYwZzyIUAfhB1NpmqH//YvwD8C8D86cnig3zg44D5tAEnAzgEYNY/sZH0ZHUtgM9kdRxoYIE3eASAvP0g09G12+EGCPzcJ/GhI7EcJ2yd2vDvAgzqJjAoUCDLY0NKKYvM0TkdLZeDba02edIR9OJToxo/Exba0JPqqptbteycW8pbP1RcAcCcyifWzD2t/X98+cXW2r/nOsewWWAZ6I+bN/Gxh7Z3ZtmtE5/4T0NV+9d8v3uylV3d324bGs+bWrOo5LCo8wjDTRXLX5xbsfzRuRXt1+45mMcK/omCvUpQW7bPOyRRPH1xybhsjgFwKK0S2R0jGIr/D+CegQOJfwkhHcfZofkVKzdRoRTznzp/aWJACHGyYsYDiYMl5LQ9T3S3CG38CiKUdQo5IeGlHqROv2Xiioa+PP7mquV/h/W/DGlNtnPLFuvb1damvtJQtfzVvjx+3mmP/6YjteFUK//JHO6EDcyQB9Lw8qjzCNt1Y1tTDRXL/9xQ0f7Dhoq2hCeNF+xUQA8iK20fWGitNynbh0RLKKl+amRe7ljasg28JIxYAv4ZRhzH6Y0YvLGxgI8N3pAaHUY+2WB7cBKgbB8/9T6RFFgXN51UBvLcKMbOhA+7TEidOr/isbSads6d+NjjXbbrl/1tRuf/ELNvrlqe1izcHZP+9OeNMZXL6oFspZUVxjuvOnliKG+M+WpOZfszDRXtt8Q6uif5BsdLuiHsDwCEitcsHp3dnX5CaXz1wJxO9ffVG0tOOlBA4Bk2Sa9a0z+61jv9H4lngsfgEAMvq0sEMjVLMKAm5XL9FRBBgVW35NBCwswimbNeFEFYa5emYL84t3L5sxld76vR2v7X7FPSO4p1/jyTa+8cv2xtvKvrdB/2trDzyhYCA4yNXTO5cUS/+LsMYvaUFR3zJrQ+3VDZdqXxeYSAH4RVaAn4RBzxrDYDJbkXwYpsjpEpo1gJyeCfkomn1m5cm7U+WI6zNUErw4nD8pkPjg5+ezxkbySLjxRQletxc15g+T3DvhAzXml/WNhuU35jzK6fNL9iecbb4IuK3voTYJ8PM69ckMWz88b/IeM33dlTVnSksOlSC3tHmHlljxCjlxhesNsXos4kl+ZMbF3XUNH6DUuNl/T7oPEIxi1yss7hy3n3Qi5QlqGsKyXwzMIpq1ybBicnPM/8XQo+EUDguJRf8OkQUgoVGZtBMOfLCnJaYNUtKRkW1TeaLmvtrwp6Ul+aM/HPgabp68c/1wXDTWHllTPU34Ie0zO/YuWmDYNNjbV+vyiySBbAxGZUJ0f2j27hIZpb0f5Hz+fpklqCxjLI/nE2BD+a6o7PyPY46ahZnDiNZHHQOIIEgz+FkZPj9EVHasPrJP4QRixZXjVraSLSDgVbq2tOjAZwVhRj57TAUrepNjSfyuWYmbCyD28Yar48e8qKjqhziYqAULryLhjb2vl611tT1U9uFxqakfHUwIuiziMKcya2rvN8ngtgmztk+8ziE+Fk1Avy0ppkaV68nlQ/PHI3I30zjFgU/tGj7ifCiOU4fTG/YuUmC7aFEYvAqLc22towYgV1/tLEAFCzCAyOYvycFVjVi8YcAo/TczVepiSsgJe6aMHY1sDnAAKb15zBKq8bI24LxZFhHYa8cMqq7m5sulQWC8OIl23GMzOmtozqHx3DQzZnYus6CtcHiSEyR/f/OdSAP5i2NBHJi+fWCjsH1gH4f2HEEvH0LeUrstpSw3E+yAhLBb0dRiyJV9UuKYt8I8rQjfYrEk6OavycFVj0cA3BvO6YLcvnfKW+NHfC46F1UO7q3us4wOR0a2gY6OFjtc3FI8OKN79i5SbPohpSe1gxs4bcx6YKro46jchQKwCtzzxALg8Y5ynmXX09d+N9WE1z4nMSvwUwrO+7OaQ4jtNn9RWtTwDMaDPXBxEcjhR/VLfk0JwdS/NB05Kln4Hl9VFuqMvJC+ElzWNOjjM+KZ8XtlvYd1LsvjjdtgS9oXiWMf2vozvBOOjVhRlzzsTWdb66L7DyXw4zbviEAi92+rSmE8dmc5TaJYlRNS1l1XXJsul1ybLpNS2l509vSXwym2P2RQ+tL2S+bpABrs1oPPKbdS2JSJoW1y0pGUHqlrBexCU9H+/oXhRGLMdJCyFS94cWjjhV/v43Tm5ETlsjAEDtkrKjjcwtICM9gDrrBVZ1cuRAI++yqO6B9gVB+H7PFbdUPhZ4F9XWpjWVjCvwCs5VHheWvZhYc//oiWEGnFe14rlOv+NcAAFmSHKBQ8H4zJmNo0N/gs54IHFwXbL0dvhabMRbAc4BOMfI3CXhgbpk6e21TcX7hz1uX3nWiFLGt4cFm/PDpyXdUNecyOlC1hnNpccgZe4jGNrtZAKNu/LaTydaXeKCMHvjEazZZ0Dix2HF64u6prL/hxSaSByay3G3JesFVswOmOgZnprtcYKQtT+95bQV/xNmzJpk8aeNMQvAEI7MiAjJITTx26cuKg7193f7xJWPWutfl+/d3g3M+J4CL9QCc2pLycf9lO4HzAXbuWX+EcBcAOM9Nj1Z+pVsFHi9MUb7icj4dj7FUNZxpDUmOFDUL+qSiSuz3UkeAGqSpZ+y5D0gDw8rpqB3EEv1i80gzs5pfkXrGyDuDjMmiZl1LaVz6pacMDTMuNtS11I6QcS9ofSiC0FWX4guaCoeYhi7KsS1CaHz5T++3r5zXZgxa5pKzye8+/J9zVlfkGaPWMxrqWku+UaYU71zq5b9JKWeX4cVLxtIejTxq6Y1jghl9nVqS8kenrwFRO+HohL8qGBu6xlQeG9dMpHTpppWPJdgxtWvz3DWcaRrS87Xv9lStmDGA4mDszVOXUvpFw3YAnBEqIGF27Yc3O04kTHWvw3Q2lCDykyXP6Bp2uLEcaHG3WJy44iCumTiSsn8Kl+KKyDLBVZc9gqSR2VzjEDEdalUx1cXBOx19Z7q5MiBFy866fvGeHcR3COMmPmBxtD73j4Dyu44u+Xo0L6vTvvOlZL+HVa8rCA+6RcMvSyMUDHrjUv3nDoSpwJaWJcse6C2pfTz2V7PMKO59BgCZ2d6vaQ3qVTOZ7C2RvAcP6VHapNl54V5ZuHU+0sPrE2W3QXxZwDDPQ5IWiP4d4Ua03EyMKdy+T8EhnpHBwAIftpYPFDbXPbNsGbmZwmmJln86X0G7P17ANfn21KkrBVYF943+siYF6/O54Xtkv+j+ZNWLgsj1szG0UVxW/Q/hbHCq/L5ew6C5Hm7+UN/Udt8QiifEO487a8v0dd3woiVPULMi1dXJ0ceETgUdUaGFxYCHAfxgX2LypbUNJeefslDY0KfHZ3xQOJgn+Z2gJlP5RNPdwg5X4P14TT4cYILClYPfqy2JTG5bknJsEziTG6EV5ssPrY2WTbL88wfCZ6flRl56vZMj+NynFARood5gv4RfmjsS/K7qaKCP9e0lFXPaCrO6BZ7dTKxd11LyWffTJY1GXiPhNHgNxuy021VYGFTbIYB981K/BBY6Q+vd7WHsvhuZuPooq6C2J2e8b7Qjxe090nMxE61Pu+rbT5hUkPlk4GPAKqf2H7X1KbiiriJT8rXn52BOSDmF9VBqA3S3V7AcUFWnW25BXaKIU9hl3mqLplYKtpHaFY/Wj/+ua4AoVHTXHq6TeFaAsF2MRJ/uKNq+buBYoSIwCgIjfDNk7XNZW0G+IPv9Tyxo1YsMxtHF/UMLjwKvooBJgCdTHC3rCUpPRMr6Lkxa/EdJ03141tfrk2WfQ/AguyMwE8Y4VbfeK/UNZc9DKM/y/KZ1IDUX2855bHXP/jo6qdGxge8NvhwK30K4nGAxkDeiZkvZMiNrBRYNfcXJ+iZjG8zZJuATiL19YVT4AeNNa1xxOCuwtgdnvEmh5Fbf2A87zipcNG0ptFnzKta8VzQeIT/NYt4GYG8PaLG88w5dcmSxnosa800BoX9wlrXT2AUgFEUp8nf/8W6lv2XA3rUMrWsp6B73dtvd3QsnLyqZ3sF4eb+NPsORYoTRJ4DoAxAoNtpAjbAt4GP2skOnkDiBAEp+vHVtcmytwD+G9JbBLzNzVEVJ/DxlLAXUtqbfK+9SjZfxWVl9NXZ41a4g52dvNJQ3vbz2pbEaQRC3eizNYIHgPgSRAB6N9YZe6Ouuexd4P3vzVqNAZL2JLnP5qdjdJWV0PdlGuEXWAJN0rsK5JDQY4dEvr1776rHHg0apzo5ciDtgNvMLlRcvYc0x0Kxn39xyaGf/8X45wK1XJhXteK52kVjfoxY/Edh5Rc+DhXMVQAyLrBErCYQcod4DiJwJIQjAX7FqACFHfE1+xYN+kttS9mrSup5A6REQ8pKoEfoIPk8lMBIkIPCeqki9MyelcseDylctsRIHgjgQADHvreWf+v/BXP38i3ohoby9t/maDjH6TtCWtw9kzb+SYBZP/6Km2uGbdYNEddU70P0fZd06GsJqptHnweaU8KOGxbJrum0PT+5jrBB4kxuhBf3i+YbEzszrNz6m5iJjR7as+8vJjd+JPCCRRZuutPKPh1GXtlCms9XN485J+PrhafCzGf7A3EfgJ8leJ6BmQWY71D4NmC+Q/DaLS0iygAOCnngHwZ9XvVBSsCGLI+RI3rIS5kfRJ2F42zP3AmPv+BDUwXltHlw9mgtgFSgCLJ93pgVaoF17n3HDI8zdmWYMcNEED3yf3H7pBX/GzTWHgWjv2Y874th5NVfCULMeOX7DDjkR0F3a9WPf3qtfH+OpO6w8suGGLwrv7zkuIwWTIMMtb9MXpFau/bb8GAOBnpeiPZonFBIfyf8i+ZMbA1lB7PjZMu8ivZHRMyMOo+gBP1MQKOgYDuxTd83uYRaYA01g79i6B2Vr7voJK1OFdrvBY0z/f7ExEKv8NoQUto5ULXxlweeHzSMV/j6PT78p5kvc8EfIng0xxT1DLowk6sLC9/+vRDeURT5QtDb1rNfmz9qZU/2x4I3t6JtrqA52R4rWwS8BqPzbqpYHvluS8fpi7nlbfMF9OPZVj3ppTgDwN5BevwBAC1f6utjQyuwpjYVH04vHsl5YH2VUqr+9oCLSasXjTwERj9FwAXBOxOCpMGN1feN/lSQOPXjn+vybeonYeWVLcZ4U2sWlRyW7nU3nPLMRgN/hqRQj2SKGokb5k5Y9kSOhvMAwA7m1YJ+lqMxwyOtITWlvrz9ySjTIEGPmR+H5Ox61nSsvVbC7KjzyMB/fMsvbpktDt6/jnqzrw8NrcCKybuCwEfCihc2Aa9tMp2BDlG9oOnwIZ4Z8BPRHBRWXjsL0gwtjBX8dGpLSaBGpG93v7vIlwLvTMwmggfR8PJMrr2pYvmL8c7ucsFeJeidsHPLOanxtU1tOd+cMG9s64Y1HW9cJODOXI+dKUGvAPYL9eVt7UFjBTkrcgs/ZZn1GcesIymYrB8mLDHnBxaHzQQsqBdOWdXdUNF6uaSrJQXegZ8b+peFzp5X1fpcbTJxBIGDA8ZbL499nqQJpcC6uOmkMng8N4xY2bB57VX3vQvKV/49SJxBdvjpcROvzNdboJEjS5Gy1UFCLJyyqtv63Tk9HDQjxjuvOnliWl3Z3zN7yoqOhor2H1IcB2hx2KnliqR7/SG8MIx2J5lYOGVVdzc21AL2jijGT4+elLEn11dm3ubjPR66NoEMepTJemu6Xw2aSwgCvgfJt+r1ZxGoOBIkUZGulRNs8AIvjIKaUENl2/dg9CWp7zM50dCT8Gzl3Iq2xwGARiMQfBJoLdGTu12EdUsOLSTMrM3dpvOToPUp9dwTpEnkucmRB1ni+/naDDNfGC92WW3ypEBdz3s8/2FJr4SVUzYQGGBs7JrJjSMKMo1RX9m64rWONyaJ9lxIgYr/nBPuYazzgnljWyPd0Te/YuWmWEdPrYUN9TzRMAm40zesmjthWSidsdcNGfCOoEDrtwRseHPT+nDPm0vTxo/3pAB8qKlkmtbMm9D62o4eQDDQcVwEBNi/BYkRmMzLgS6HemAUKMbWGsrb76bReAF5ufNb0P2+YVX9+GWr/u/frE4MegqDgP/ENtg+fzAJXGD5PcO+EDNeaT7P6sj3n7y98qnHgsQYagd+3Xgm3PPHdkIGHG5T3jVBYrzT+eSLlkqGlVN2CDF6ib3ju08JEmXhlFXdDeXtdyPWeYKEy/K90BL0jqSr96xoPad+/JOB+p+FZfaUFR1zK9qvhXD25ttw+UIvCrigoaL1gt6KgHQsGNvaCXJFsCh8cuGUVZHu2J0/amUPhKVBYhBY0uuDrH4HKEj7kH/RWxNpgeXBPgIoyPPtOZ9mZWgJAagvb3/SS2EsaG+C1BFm7EwJ2gTqm2s62s7Y+jlX/fDI3SBOCBqfwkuzp6zo8/caqMCqW1IyjIzNIJjXC74t0Rhk9uriRWNOomHedqbPNybmnVXTVFqW6fULp8BXyjZL+d17hWSBZ7wZ1cmRgTvQ149/cn1DZevsWEH3GAtdLml5GDmGSmqlbFVDZdv3ctDvKm31la33eNb/jKBfRpmHoB5BC3zLzzRUtGZnjZjV3ZIyvMWnjVIqL3ZhyrMLBWU2iyV1kLbX1if+UP5TQOYtRIhbgx5FFdScyvZnJLRlej2F5jCL/PfMmdi6rr68fYYlzhD0aNjx0yK1GmNPry9v+/4Hly0UdhUdT/KoEEZJq9AONl3WbaoNTaCdY9km2LdTXR2NmV4/uRGe55lLCJO9s8h2MgQA8WuTGzNf+zCgx380G4eNho3GjIqnBl4UVrzZ41a8Nbei7Se+sRUAKjcXC4r0xV3A30Bd2FW0sSqMNUTZNKdq+d/3Km8718qeAemZXI69eeGvFkMY11DR9qV5Va1Z26zRUNn2PMmfZnSxcH2+HCy9+bapMtqZJoM5e0xY9qfeHjdvbOsGC/4AQgbrqNTeVbjxfzLJL2yC/3VIa9K/UH836Mrq7r+5FW1L6HVWCfpiBM+7Vy11cVfRxqqbJizbZiEt610WeBxoE2DTmjnOuMCqXjTmEHicnun1uSKhaf6UlRnv1torPnqkR3NaPt8CzUf0kBhWNOYzmV4/e8qKDgmBd1vlgvHMjKkto0I9Aufm8mVv11e0Jhsq2r5I+IeBtk7QI4K2e0hxuPSWgGWCndqNDSPry9vumP+5zJ9HuXQdYedWtt/7Wucbxwt2qqAnAG3M3oh6UdAvRf+ze5a3VTZUtuWkDUd9ReuPJdSnc42AO9cP4fXZyikTDRXtP5TsvHSuEXBn974br+nrTOq8itZlMLpcQGcaYzwl4fx8+bufW7n8WdDWplMoCnjD0r9kTuUT6Rdmaaof/+T6hoq2X3btv3EU4E8WtGRL5/QskBXwlKBLfWM/Obe8bf72fk/Tm0urSHwuhEFfRuy1tAqsjM8ipIdrCA7P58KDILrtxuYgMYyJnQ1waFg57SoIDjLWO3eW8LtMbycpZX+JAtYEXZiYdeQ+NlVwNYALshF+S0PKBgAN05oSh3qePREyxwr6FIVPbj4aJzgBr0F6CsAKY7S0vrwt0LrFqG1ZY3QLhFvrWso+J2g8gE8TPDZ4dK0G8HuQyyn8rr6i7Z/BY6ave/8Nl8dXD15N6EqC222RIuhtgT823is/WTA22ttd27Kms3368KLEywb6+o5ebwVtIvTTdweb7yxIs7FtfXnbHXXJxFpB3yN49I4frd9A+GpDZdvz6YyRbfUVy35Tkyx+g4h9h8AOdzELekTGfnPuhOW56lEHYMvaOuA3AH4zrbnseGM0FuIoSmXBXqtkAfwJwONWetTEXm3p7dbtJQ+NGa4ufgvhnLv8eLq3ijPqi3FJ85iTY4w3ERicyfW5IuGNDXxnzF0VT2f04ledTOwdl33OMKLbg9Ks+sq2bwcJMW1Rca0Xi6X1KTcskt7psZ1jbj3tyVW9P/rDqp8aGY+9MnCVZ8yhYecWPq3vTnVV3TrxiUdzNeIFTcVDBsU13Pqx4YYaKcuPkjhYwn4APgZiu2dEEnxFwmoSzwH6G2T/nDJ4adMg79UFY1v7/Ck/HbUtpZ+nTKDjdAS90FDRdnCm189oPnGfFAsOMDQnSjqRwJECPgEwTn34CA1tXrvZBeBlAM9TepqeebRH/gs3T1j2fJC1nWGa0VR8uO95X4IwAe/bis4XCHuvNWoMaxdjNtU0Fx9l6J0p4HQA+271pech3EdhSX1VW6+3BXdk2uLEvpQqKUyicJyIAgAg8IaAJ0Ddvdcg88h1Y1sDnVmXTTMWJXaXp1MEnA2iVP99L+8B8DuQ92/yUw/eUbX83SjzfM+spYnYWx09H0XKfEQ0xwEaAfAwAB8DsL2C+mWC/wHt87Rcbun/nR5frR+/rM+zYrXJ0hsJE/j2IABY4ZS5la0Pp3NN2gXWzMbRRV2F8YWeMYFX5GebVeo3Pft3np3pER6XNBXXFph4fWStGfp5gQUAvvwr5lUuuzHT62uaSucZY/L6hID3WOs3F3Slzkxnl0m2zBLMqoXbf34vnAyb6+IgHwqsbZncCG+vgaP3NSwcZmzqfT8TCanXO5f/LYqfV0YETl7436UfUfUoCyxH38fWz5N+8zv+gK3Xuo6YDIW9AWXmg6P39FPxI3yrPQFA9NaJ/rM3ly/rcz+o7dnR61TQ30dtc9mFJOaHcQdE0AubrH90ugVr2tNm3QWxMzzDU9O9LgqyeCbI+WgGmBRmPrsiil+a3IifZvoC2a2NDxdh6NT+0H+MNBO6Cr1JAH4RdS75uMsvX23+21zxCoA8avGQIUIL0U+Lqq3l6PvYGZ4nWSuiBdYmE5f2dOt0AMcbmvd6/qUkb0VdS+mvY5t6bg/ygTJbP//aZOLLhOaGtbyEwq8ymQ1Ma/ALmoqHGGNm5f2aGAACOmmY8VRyTXPxUTTeUf3hjT2fGcMRe8VHj8w8gPcP2Wi7KPcVSc8gdu20xhF5fevccRxnR2oWHb9XbbKsmcRPSBaT3LqhcoxACWTqUwMK/jQ9WfqV6odH5sUu+1lLE7HalsS3AN0aXvNzrfU9/iqTK9MqlArof4M0h2QyUM5Jq1N+z18zvbzHdn/GgxkeZkq7Jhqa2FmZXj0gxpdE5WW34G0xhof6hbtdFXUejuM4mZjZOLrIxIruJlne64PJwwVzW0HHoOV1zWUX1y0pGZGDFLepNll87FsbdA+Fb4fZm1PAvfMmtGb0HtTnAuvi+08YEWP8wv4yo0No9b6nPZHRcRKzliZicQ44qb98r/mO5Bgosw0V9eOfXG/h/y3D/Rg5Jwhxxi688L7RR0adi+M4TrpSAwvOAjgunWtIHgXyFvjmgbrmsjvrmhNn1S05ISe772ubyz5W21z2XcJ7AOAZ4UbXRs/6mfWbQx/XYM0SzJvJgq8R3rB8bsuwNSv8NdP7u2+9hX1NjP8v7Jx2VSQPnLak7Ih5aPvfTK6Xxb/g9Y+/OwAgvX0KPXx1lnDhzrDGw3GcXUP1UyPjeBUzMv88y4NAfEnSufSLVtcmyx41QtL3ep7oKeheF1ZPsUseGjM83mmOFL3zAVQQCHyaxnbcMqdqecbHl/WpwFp7f+lYz+Pk/lJcAQCIjN7MAUCx1L6gd2j/mDPJfwZmWE+q51NAZr8Tj94/IHWB+Xug+PsJxnDK2ubinwHLA5215jiOkysFqwcfAiLwbT6SHoCPEDxHxDnGxrsKOuLP1CZL/wRwlag1IF6Fb9+MF5i3Yuad9Zvie3zoLXdgz9va1LHHfp5n96TFfpbYDzAnoEsJkB/P5nu0hOcYsz8KEqPXAmuWYN5oxjUgt9tTJ//ImhQyb/xncSxjzPiYF+f9CMR89ByR8fX0Xxe8DQT6SYEFXpBffQAAIABJREFUEBxImFkQHu2PW78dx9n1UNhdkCXDLl1YSOJ4gMdvHoeQ1buAty7Vg3W+9thouvShQbu0hwyxt2R2B7H3fx+Q3ekPAZ0wujydnlvb0muBtbal+BzPmIwP7o2ChJRi9j+ZXm+NOdZVV+ERhAIUHjpLMBndMovxX0jpTYB7ZSG9rDHGJKYmS794M9p7PZDWcRwnajR+j2RycvOG5BAAQwAcCG4+eeXDD4ps9e3shvK2QKfAAL0scq9+eORuxsbqgg6Sc6R9vfPtjGawZgkG4CfCTmmXR370jfuP3+5RHjvSNbxjHYT1YaeUCx5Yl6vFno7jOEF4sdTzBLqjziNa+k03Nnw3jEg7LLBiG4rGg+p/i719/XPEsGEZLS5evXKkZ6SDwk7JwUEG8d0zuXD+qJU9NIy8O3qGRtqueFo7chzHcaIwe9yKtwS0Rp1HZKTWWLz74vkVKzeFEW67BdbkRngkTt2yWK1fEbBp1drWjNa9FL7+joHHg8PNyAEwuCcez3gdn7X/v727j6+rKvMF/nvW3kn6ArQwgKKDVGXmjnBHyoBQaNMTVJyhNGnaGaozKhRFXtJ0Use5c+8dR9siyudeVBrSN8KL4eWilJG8UQpyP5DTJCUdKRbkomhhWhkchCpN39Lk7L2e+0cSqdA0ydlrn33Oye/7+fD5QMl+9nNWm+4na639LPuKy2RyRUQ8GMwbnBklIspvovZ/KzTrE1AKlmo6YwY+e+tf9fzOVcgR/9I/qeTC06XA9l79nuD1s67IbmNxxp58sgAFV1TmOyMyzSiymsECAFE56DKfXBLx5u559KLTk84jaUbevYl13FioEsWqoaorDZWvAMjbw65dU+iDquHfbZjf4/S4rBH/sgow8GEj5gyXN8sVUX0t2/5DJf3e6arjP6ORxmLCfL/+ASPmg33BoQ8lnUfSwtCLfmaaINJbPUQ0ujVV6QaIXqfQwj+f8xhUNYTaG8X79VVrFnT/2nX8EQusyTLl3ELtZK6SfYFkjYOfsumoxCLrY5ZU9GWXueSSQjEZxxfeXkbH1MNPAY3UeFWAXY7SIaJjaJi/5e5ABi5U4BsK/DzpfNzTFw30rxuqOlc0zNvZH8cdRiyw1Ji/iOOG+c5YKcyqsgCIytRsr1U1BbtECAAiJvsDr4vE4SA4qJBfRAqimvX5okQ0Phvm97y2pjL99UD6P6mqSwHtTDqnyBR7Ab0pNPKJ26o6W+O81cj7GVTeH+eNaXTWRj9lxYjwqJY8oIoJ//10d1X3AYi2ZHu9QhUqWV9PRNnZML/ntTVVW9bBOzzfKj4FxfcBdbYZPBcU+hbE3haY8LyGyi1fW3d5+vW473mMpTQ5Ke6b02j0dCgkWidwneIun2g0wprz4Abpwl29FQW/nwRq2nG3hX5BIKeOP4De8Xp/5/PuEyOisWiY92/7ADwB4Im6zakZNrTVauUTAP5CRN6XcHpHpdBnRfFEaGzj+vldOX0bfcQCyxj9k0J+oGXLGnV+SEDWPO+sLz4+68S7EOG1UfEvcJhRROGr2V6pwOl58/uSDY/NawHgtsotv/z79vKvWqBRMPZvNQV+DmtXPbQY0TfKE1Fk9ZeldwFYDWB1zabUTN/a8y1kjgCXAJJoL0kFfg61TyrwpPF1S9Qjb7I1YoGlQFiwD7QIr3JbLzzoiW+RB60aRHF+0N/3EQDd2Vz/hdZz3wejn8ybQtkv+W3W12phHZPzTgJlYTDktsrOO2vbUpNV8C0Bjhvt6xW6zRpcva7S/Vs+RBTdusvTOwDsgOKu65+4+JTSAXN6qGaWASoU+KgopgE4wf2ZxtqvigMQeVNUn1dIl/XQWeb1/8plP6tsFWk7Ajnrio3wsvlpd+qkvpcPHy7TfKhJRKT0eD2hDlkWWFP0hH8UIKvjaVxTaMZIhCKDe8mKypqqdMOytjnPQ8z/0MGfet9daKm+pCIbByYd/E7jpdt7E0iTiMZDoBuw9Q0AbwDYDmAtANS2zn6f8eWjGpozIPhjVZwGkZMEejwUJSo4TUbYQqKDhxS+JUCvqoQi9j8V2APIrwXyiqfBL+qrul/K3YccuxELrInabLM/OBQIpv0WkNOSzgUARMyi61tmXbOhuufO8Vx3zcPnXWoMrsmXVyJVpTe0YdYPSRE9PW9m4rKgKLwTEeLWUNWVvvaZ87ZOen3KxxTmHLX6fhEoFAfUyCtQPLOmMv3vSedJRNEM9Zh61wz0skfPLAsnv79ED4anemqO+rgKxYrJ9Pf+JnNw/1lXvBhk2+MyCSMWWNbKL43Bf81lMq4YD38CnOUBL457xuSkye8Pf7sPu0WQFwUWBF6JV7r6C63nH7h7wTM/GMsl1zVf9AnP8+5UwfFxpzdmqm/6gR+h1YKeXNAFlsXOpHPIR43nb88A2Dr0DxFNIIP9p3b2AziQdC5xOMZepcJ6BfMdTjh5yklZ9VxadUk6UNg8e1NJpk4xU7+/tHX2N294ZM6IHcHr2i58z9LWuUt94zd74uXVgdUi+qv+0gNZ/Zn6/I8+OhURemjlB/1N0hkQEVHujLwHS/S1wp0xEE/DcAaAt7K7PnzpmLVnAgSAGP+fjdXPLW2f87CqPOfB/jywxnjA6RD5MwtUGiPn5dvvm0CQsZmXG6uzO6H8uIET3iNG8mc2Liua9RuURERUeEbeg2Xts/DM3+YyGVcU6vla8hEAP8nqeqvP5Vl99TaRDxh4yyGAwuzxjRoIpgOSrxlDAWRgs14iMxn9gHp6ouRPA41xU8sO5EREE8mID+U+PfQTybOZkLESiKjYj2R7ve+X/Aqq/+kypzgIcDJETsrn4goAVO3+Mq8s62VXK/JBEZnmMqdcEggOm/3PJp0HERHlzogPZh+lL1u1u3OZjEsC89Fsr/X6Bv5DITtc5jORKfTXKpp9gSHhmfm27DkeVu2/T/an5LSDMBERJWvEAut3mW2vqrVbcpmMSyL6oWs3npfVrMeti3v6oOE21zlNWKovrZ/fldV+uBVPpXwfJWciymlBCVMNt5w872nuwSIimkBGLLAeWoxQFZtVC7MDtYp5b2nZpKyPJxH4zwDa7zKnCUulPdtLX/td33stcI7LdHJJVUNYPFpIvVuIiCi6Y+7dCY7rexQqWW0UT57+ESDnZnv1PvtWd6D6UqHuQ8sXarHXlO5vzfb6jN9/hhE502VOObbdlGUeSzoJIiLKrWMWWI2Xbu+1JmjIVTIuDW10z3rm456Fz+1VDR4r3IWp/GChTzbM25H1QZtTMeV8SOGeKhBCG4ZOoCcioglk1LfPTpnffb8t0L1YAu+8Lz4266Rsr/dV74daLu1EoAjujhbA/4SjVHLOWpteX9n5f5LOg4iIcm/UAmuVwKrFjQoczkVCLomYc9HXl/Xy0prqnp9a6KMuc5pQrP5koN8+ne3lNZs+9l5jJOUypZxR7VPYVZAC3p1PRERZG1P/pFOqO5/S0N4fdzIxKCsxUyuiBOi3h9Y7ymVCUQAW+v27Fvdkf+RSxp8jIie4yyp3QmvvPaWqO510HkRElIwxFVirBPawzXzXQl+POyHXSsT7a2j2O9X7Snu7rIYdDlOaEFT1FVPS//0oMYx4i13lk0uq9teB17eabw4SEU1c4yo8rmu5aFWpV/b1QutJ1B8e+Ghj9fafZnv9tc3nf26SN/UuFZS6zKuYhWq/vq6q8xvZXl/TOutMg9K0GHmfy7ziJxgID6+4vbrnxmwj1G1OzbAZW2EFM4Z/zSh2mRLTUX9ZepeLLImIKF4jH/Z8FBkx3y5R/WsRnB1XQnEowZRrANRle31Z2d6HMgNlN5R4JRdrgRWXSbDW7vRK+uujxFCUfFINTiu4JhmKF7yBfd/N5tK65tT00NfVNsBVEPOH08sC2ACobZ97j+fLShZaRET5bdzPr9rm8s+JL/fk+/l3R7LW7jQl+y+O0i7ghrZZKU/KnhCgxGVuxUcgYXDlbdVd92Ub4dr286aUhVNa4ZlPuswsboNNRcMr11R3PzDea2s2pWYaqx2C0c9cVGivNVKx7vI0j3OiCW/wB5OwQiEzh39NoDu8wOuoX5jem2RuNLGNu0ga8A89HFrdHEcycfGM+dChgZIFUWKsr+pJq7V3usqpGAkEGR14JBj4XXOUOH7G/ws1MtdVXrmiajeVDITj/ux1zanpxmrTWIorABDINGO1o25zasa4kyQqEnXNqem17XObrI+3BF6zgVkx/I/Aaw593VXbPnd1XXNqetK50sQ07gKrsXL7ISvhdxU4EEdCcVDATDJlf/uF1tnHR4ljte9mVf2Zq7yKjQJvWdt/07rFL0b6syF+ybUiUmD73XRfYDO33rq4p2+8Vwa+XS6QcTXFFci0MNCV470XUTGo2ZSaGfq6SyBXjfQ1ApkmkLrQ1x01m1IzR/o6orhktcy3oWrrkxnNPJzFCmNijHgfnwScHyXG+upnXlXo1wr1fMa4BZq5sbF6e6RDsq/+4Z9/SGD+zlVOuSEYCIMf3r5wW0d2V8uSLK+7ij+d00RTtzk1Y6zL6QAgkDOM1Q4WWZRrWe+j0hA3KvQNl8nETcT8Q9QYa6s6f2jVrnaRTzGxYdh8amX3bVHjlHnHf8WIKayjcVR/Y/yBm7K5tGZTaqZAzsj21taz1dleS1SIbGbsy+nDBDLNC5V/b1NOZV1gNS7c+jJCjfxAzSURc/kNbbMidwYv6w++ZlXZRHKY6nYt6a+J2vfpS20fO9vzvL8ptDc1bWjr189/5pVsrvXUVkS69xGtHIiKXc2m1ExIlqc7iKSWts+ucJsR0cgivQkopbbRqn3WVTJxMxCB9b617NEzy6LEuXVxT5/qwDWhhlk9VIuJQt8KcLh23eU/jtSEdoXClGhpnYE51VVuuaDWPpPxD92R7fVWEWmJz6hURLmeqJCIjTZjK/CWOEmEaAwiFVgN87reVA3qFZpxlVCcFArPeOeHmVM+HTXWugU9O4Og7wqoZt36oeCpHDgU9F2/vurfeqKGerN59sVGvM+4SCtXVHUgtGF9Y+X2PdnGMCrcF0I0RlF/oBDljC/lTuReVl7Jmw8GNuwslA3vIlIq4v9TzaaPvTdqrMZF258Ng4ErrbX7XeRWSFT10OHw4BfvXvjjjdGDQYzv/YuIRHrLM7cEgYbpPZm9UT8/N6kTjZFKtO8XFfAHGsqZyAVWw7yd/Qq7CtB+FwnlghFztsmU1bqItW5Rz2PW2k+r2l4X8QrEoUNh39V3uCiuAFzfOuuLIuYvXcTKFQUOWxPc+NDiFweSzoVoohhvO5OjXD+uzfFEUTjpxn77gqe3INSsO3cnQY33lWsfvnCOi1jrF3ZvDoPws1D9lYt4+UwUBw/ZA0uczFwB+GLruWca468sjPnPI9jw3sbKbV1Jp0FERPnJ2XE3gYTfVuA/XMWLmxFMKvMn3/LZRy84wUW89Yu2bjoY7K+yYfgLF/HykQKvHcKBz961YPtDrmJOwbQVnnjvL6Q3BxX6K7X6naTzICKi/OWswFq/oPslDTPrXcXLCcGsqRnzVVfh7l70k+dCP/i4VfuIq5j5woa63aouvLNqe6urmNe0XnAljH7OVbxcsTZcv3ZhV9EW0kREFJ3TA5v32QN3Wg3/X6FseAcUpWZSzbLW8stdRdwwv+e1A8ebKyyCb8HquI9NyUdBmLk7tMG8dVVbfuwqZk1zauZkM/lWV/FyQxCqfb6v5OBdSWdCRET5zWmBdd+i59/IaHCLy5hxE+hxKnLbNW0XfNBVzHsuSR9eW9n91T49+Dew+qKruLmnb4Zqrz51wdYvbVi01VnX/ms3njfN87AewEmuYuZKgPCW783bMXFbcxAR0Zg4LbAAoLGq516o/ZHruHESMR8q0ZLvXbHxrONcxr2zevujmTC4RMPw26q6XwpkZk9VBzTE9xAEF62r6myK2qH9SFdshOeXTVoNwSxXMXNF1T7eWLX1/qTzICKi/Oe8wIJAbRjerKoF1BtK4Rs/9Z5Jp9wWtcv7O21YtPWNNdVd/y20dlHG9j+Uz8unAoHV4IkByXx6TXX6Cw0Lt77s+h4nls76757xl7iOGz/dJ7A3J50FEREVBvcFFoC11d1pa+0DccSOkwiutsF7vxJH7PXVXf93T//Tfxva4LLQ2qcABHHcJztqobr1cHBooR5+a1Fj5dMtcdxlaXv5NaVe2co4YsctDO39DZVdW5LOg4iICoMfS1SB9j8c1E/yzAIDidwxPZeMeN+saZ29b92C7jWuYz+0GCHQ9dgKxY9ebfnYhVPMlC/D4CID+eNctykYnK3SPVDdNoDD6186YfLj6Uv+Lbair6atfIGouVUEJXHdIy4W9rXA62uAFFAviRG8fditqTja/zeKXVbsLj/wd9QvTO/NVV5xGu0zA0d8bt/fVX9ZelcO0koEx4Iod2Jdr7qu5aJVpV7Z11FgzyWFZhThl9dWdq+N+15L22afHYp+wqiUe+J/XCAnxVxsBVbtU4EGW0vFPNZQ1R35HMHRXNc+u6IU/n0A/jjue7knGAgPr7i9uufGOKIva5vbAZFU1gFU0w1VWypG+t81m1IzjdUlACrG2wVbobsBdAC2ZU1lVyyzmq7VNaemW89Wq0gFBj/zGeONodBeUeywoh1qTMu6y9M73Gcav2Ici2Xtqch/OTZUpvN3nwYVlVj/oH2hdfbxU8R/WgRnx3mfOKjqgEr4D7kosoDBzd+nTJ31p5mMnl8qpRUA5hojpwOS9Z4whSqAAIpfq2KbQJ8SyLbwBPnlukvSB5wlfwzXt138cV9KHhTg5FzczzmVF8LDb1y0bvGLsYxXXAXWsrbyJYAsiRT7yNtAewE0eb6szsdZDdef90hDhWZLvn72dyqmsahrTk0P/bBCMXgouoFZETWmhV31zl8zgr2hmI6kC0gqLrFX8jWtsz/rGe9eQGLZ7xW30AbL4lguHM0VG88qPW3yie/NWLkQVs40BjNEzAdFdCqsTleBAWTopzkVUVhrpFeADBS7ANkZ2PAFWPvL3wZ7f5HEmXk3tM6u8sQ0ipj35PreLqhqCBteuaa6O7b9hK4LrJpNqZleqKvjeLj+/pbQei+QlUkvIdY1p6YHvl0ukOW5OmNOofd4vqzMt0Kr2MaibnNqhs3oaogscB37WAYLSLu8UGZsKb/FXmBd237eFN9O2egZ46yZZy4pNBNaXXFqVef/ctmuIIobHplzom/g94d9CgBl3mQJLIL187veSjq3YTWtqS95RhuizMAlLdSwvexw8OlbF/fE1jDWZYFV2z53tUDqHKV27NtCewG7JKkH0bJHyperysqkDu9V6D1eIMuTLjKB4huLpe2zKwReS5IHMyv0njWVW5YkdX8qDjlZix5aJmoVwGmfqVwK1Tbsn9T7P+/71PMHk84l313XOusbZVL2TyooTTqX7Om+0PZXr1uw7ak47+KiwDIlsiQMtGW8e6xcUGj9msoty3N1v6GZjaY4Z+jGKukisxjHom5zakYY6I4ki6thinAhZ7Ioipws222o2vpkRjMP53MPqNF4YpYd33f8w9c1Xzgj6Vzy1bXtqZNr2i6+p9SU/UthF1eCgTD4YdzFlQsqGH4g5by4AgCB1NW2z23Kxb1q2+dUh4HuyIeCAgAEMk3gNde2z22qa05Nz+W9i3UswkATm4l7N7M66QyosOVsX5SGuFGhzo5bSYJn/E+VmtJNtS3lf5l0LvnmSy0XXVwCbfOk5Mqkc4lM9TfGH7gp6TTGQiBnJP1AEshVcRdZy9rKlwi85qQ/69EI5KrQ145cFVlFPhbVThOKQCBn1GxKzUw6DypcOSuwGhdufRmh3par+8XGmLPgmX+taZlzk+uu7wVJIde3XHRdmee3G8hFSafjgg1t/fr5z7ySdB6FZKjIiuUn/tr2uU0Q8704YrsikHNyUWQV+1jkW9EoNsjpzCQVl5y+2SelttGqfTaX94yDAMd5nvfVMPOex29om11wZ+q5UtM668zatrn/WuKVbhCYgju4+Wis2u0Z/9AdSedRiAaXC+c4nYEYnK2Rq1zGjEvcRRbHgqiw5LTAapjX9aZqUK/QTC7vGxfP+CkP3mM1LbO/NpH+Irli41mltS3lywQlT4qRRUnn44qqDsAG9Y2V2/cknUvhMk11m1MzXESqbZ9Tne+zNe8kkHOsp02u406UsRjqt5Y31PiJvyVKhSvnvam8kjcfDGzYWcgb3o8kItM8z78x9LRj6cPln1mhuR/TXKppL//EKWUndohnbjPGnJ50Pu4IAg3Tbwz0Pph0JoVMINNsRiMvFQ4WaaYpekYJEFmwtL18patwE2ws8uatPYXuZuNRiiLnxUDDvJ39CrtKVXPe+DJOInKOKTHf39NWvqmmee6nim1/Vk3zxTNr2+bc40F+5Bm/KPZaHUmBw9YENybRkLXoiCx4+8y77NiMNuXbfpzxMDArXG2Qnkhj4fmyMn9msWzO2o9QcUpktuX2BU9vgep9Sdw7bsaYv/J8eRyZ0x6saSvPaRfiOCxrmVte215+uzH+FhHvykLtyD8qG97bWLmtK+k0YqWaVmi9hV1lYVcN/XcsDzOj3spsr13WVh7LMS8ARhqD3XHcytjoS4UTbSwGu8LbJYkXWWqvZg8siiqxdbra9ov+DCh9QgryAOAxUu2HylYr4feM//rGhnk7+5NOaSyu2HhW6fSy4/+qVMquE+AiETkx6ZziZFVfRWg/uXZh1y9yfe/IjUZHodDdorrShKZlpE7bte1zqkXNctd5WASXrK3s7hjPNYNnz+mObA4mHpFqWsWuPtYDc6jB5XIAS5zOFqm9uqGqsymbSyfyWOTiyKd3GirqWvLxKCQqTIluhFracvE/G6/km0nmkCtW7W4b2ibP4JEBc/jFxsrth5LO6Uhf3jhrcn+J+S8iZi6MfElEzhZIcWyUG0UQBP+8fmH3zUncO84Cy8KuWlvZuXLMuTxSvhxqbnV1/2yOG1naXr7SxYG+Q/fvFdGVDfM7x7wnzHV3dIXuXlO5ZUY213IshnOwFVYwA4jnsGeB7rDG28X9VuRaog/Qzz/80VNP8E940oh/NqBJppIzCs2o2icAdCPUrSdP97tWXZIOksrnhpbyi41gtgApiHxSpHDPDhw/Qajh8/uD3kvvW/R8Ik1w4yiwohxbMrgk5e5tNRPgxPGcUVfbPneXixkbhfZaIxXZPjRr2+c2OWuJkOUsFsfi3Za1pyI/KBoq0xPiB0dKnp/kze9b9Pwb17bOuqVM/KYk88glgZSIePMAzFNfe3+3T19Z2pZ6ARp2KIItXsmeV+NaSrxi41mlp06ddprNyCwj/hwjegGAMyHF0cMqGwHCW5IqruIiqssbqrLbP9JQ1dm07JHy6a5msqxnqwE0jeVrl7WVL4Gj5bAoBQUArKncsmRZ29zpEIm8j1JFlmOMYzCMY0FU+BItsACgsarn3tr21GdFcGnSueSaQKbB4FwDnAvxPq9qBhC87/Wa1tO2icorA9K/w/O818qs15tRc8iGmX0lk4wezOjhuxd07z8y1lVPpSad0Bce3x96KsHh43zPn2qNmYZg4HTPlP6pVfy5iJwlIf7E96R0OIOJTNU+3li19f6k83BJofVrIswQAEDD/M7Vy9rmVruZWZMxF1hDXxuZhV217vLOyMs9JpQloa+7ou5DEsg5NZtSM8dX5HAsiApd4gUWBGpbg5sNvFkicnzS6SRJREoBfMAT+QAATMZkqCpC2IMi+jvf91/XDOwUkX21reW/+f11CtV99kSIObUMsOqXnSIWf2RUpsObBADwJnYtdRS6T2AT2XcVF4Xu9gJZ6SKWKZElNsC/R42jgoqxfF1dc2q6FUSfIYHuHs++s2OpX5jeu6ytfDlEIi+ZGqtLAIzptX+OBVFxyItX7tdVdXdYax9IOo98o0P70kTMVCNyuoh8TIxcKIJLxZjPDf8Dz3xejJkPkQsgmCWQD8PIhOksn41Q9YGGyq4tSefhkqiuHM9+p2Opvyy9C6qtkXOCTBtLD6ShpcTIRHWlizjDGqo6mxy1Lhjz5+NYEBWHvCiwINB+G9Rb6OtJp0LFz8K+1h9kboMUz5sVCu2Nsnn4qDHFOonnqa0Y/V4y6teMGiOGMQDcFCoCOWOsRwhxLIiKQ34UWADuWtTzsyDMNE70fUEUN0EQZhrvWtTzs6QzcazJdcA1lV0tLho+qsqMMXyZi67nsTSGNKFxEjcMwrF+Ro4FURHImwILADJivg2rLyadBxUxxQvewL7vJp2Ga4owlgeqKDocxBj1YSqQc6LeB7CxjEH9wvReqKajxlHImIoKjgVRccirAuvuBd371dqbAbVJ50LFR1VDtZmb1y1+8UDSubg23o7pY2VFI7/tpYJj7geMem7hMC/wOlzEORorGjm20dGX/jgWRMUjrwosABjwDz0cWt2cdB5UfCzsoyUDYXPSeTjnYEZhZLYjaoTRZmQE0V/IUOhuVxv8j0YQf6E5eB+OBVGxyLsCq7Fy+yEr4XcVKLpZBkqS7oNmbr11cU9f0pm4poJdscU2fmwP6t/fw8FykWh8YwAACo08DmNZ+uNYEBWPvCuwAGBD1dYnM5p5mBveyQ3BQBj8cN2CbU8lnUkcFLorrtiF0hBSBbHmGdcSbBw4FkT5IS8LLADQEDcqtKiOMKGEqP7G+AM3JZ3GRFbXnIp1ScjFrEqx4FgQ5Ye8LbAaF259WQPbkHQeVPhsaOvXz3/mlaTziIsR5P0DNfCDEZe+jE6cN8pG28TOsSAqHnlbYAGAKdPbrdpnk86DCpdVuz3jH7oj6TziZNUWxDLeMXDD89s4FkRFIq8LrIZ5XW+qBvUKzSSdCxUeVR2wYbi6sXL7nqRziZepSDiBUY2ybyfvZ+ByiGNBVCTyusACAK/kzQcDG3ZywzuNjyDQML0ns3dj0pnQsbnotVUo/MA/5mflWBAVj7wvsBrm7exX2FW9dHbpAAAKaUlEQVSqOpB0LlQ4FDhsTXDjQ4tf5J+bCArlzDgX/aNyIc7+VMM4FkT5Ie8LLAC4fcHTW8TqvUnnQYVDQntPY+W2rqTzyIU4N0YHQTAjrtgujeU4nigKaUM2x4IoPxREgQUA6mW+o8B/JJ0H5T+r+qpVW3TnDY5EBTPiim3ERH9Yj9Jp3lFn8BlRYxyLow7rz41+H44FUbEomAJrTeXTP9cwsz7pPCj/2TBcv3Zh1y+SziNXYu2KbeM/M85RZ/Az4uy15ajD+qifk2NBVDwKpsACgH32wJ2Bhi9wwzsdnSBQ+/wB3X9X0pnkWm37nOo44qqgImqM0Q4HdtUZPPTDChdxjsbF4cRjOSSZY0FUPAqqwLpv0fNvhBp8O+k8KH+FCG+5b9HzE/AEAOO8wKptn1MtkGlR45gxnI3nZsnI/RgAQ13oRVJR44x1+Y9jQVQcCqrAAoDGqp57VfWJpPOg/KNqH2+s2np/0nkkpNr1spCoWeIijikxHWP4MhcP3FiKCutZJ3E93xvrZ+RYEBWBgiuwIFANg28Bui/pVCif6D5V/VbSWSRFINMC3y53Fa9mU2omRBZEjaPQ3vrL0rtG/0rbEvVeApm2rK18SdQ476QiKyPHgD43tnEAOBZExaHwCiwAa6u702Fov590HpQ/QtUH1lZ1diadR5IMzIqaTSknr+gbq00u4gAYU7HgBV6Hi5u5KACOtKytfIlAznAQqmOsX8ixiFfcB48TDSvIAgsC7bdBvYW+nnQqlDwL+1p/kLkNAk06l6QZq01RHyC17XObXL2ZKDq2zcz1C9N7odoa+X6QM5a2l6+MGgcYfBCryGoXsayRprF+LcciXsc6eJzIpcIssADctajnZ4HN3M43Cic6QajB7Xct6vlZ0pnkA4GcE/rakW2RNVRcXeUiF4X2mtCMeblLxTa5uK+rmTzraYuLTf4KfW7d5elx7TniWBAVvoItsAAgA/MdWH0x6TwoQYoXzOHeW5NOI58MFVk7xtNxu645Nd1lcTWkZTzHoayp7GpR6G4XNzZWO6IUFrXtc5tcvC0HAKI67pkfjkV8BN6ShFOgCaLgp39qm8s/J77cA0hBF4s0fqoawoZXrqnufiDpXLK1rG1uh6uH19Eo9B5F2DRSf6W65tR069lqFVnpaH/N71kEl4y3r9OytvIlEPM9F/dXaK+IrmyY3znmh3rd5tSMMNAWV0ukCt29pnLLjGyu5Vi8m4vvF4X2eoHMOFrxv7R9doVApitkphHsDcV0cMaNslXwBdaXN86aPFDmbzTGm590LpRbYRi2lw0En751cU9f0rlkK+4Ca5hCe0WxQwU7FLpXINNFMTO2e6umG6q2VGRzaW373F1Oiz3VtIpdvaaya8TlyqFiYjmAJS6Wwt6+t726oaqzKdvLORZ/yNX3y9DsYItC9xqVmSqYMWIhqZoOPVnOQovGq+ALLAC4vu3ij5eI3wbI1KRzodxQ1f1W+xesW7DtqaRziSJXBVauZTN7NWxp++wKA9/57+s7i0xgsCv50MPV6ezd0P2eW1O5JdL+J47FH4phGXtMFNprjVSwyKLxKIpltQ1VW5/M2ODBIqkXaVSCjAY/KPTiqmippqMc+bK2srvDxVt07ySQaRBJCaTOwKwwMCuG/tt5QQEA1siSqDE4Fn9IobtcxBkvgUwzViP3J6OJpSgKLAAQHVgpij1J50E5oHhVPLsq6TTo6EJPIjc8NaEscbXJOwkWdpWr2Q6OxduSPGJHIGfE0byVilfRFFjrq5959VB44MtJ50HxOxwe/McN83teSzoPejdXD9P6hem91ki1Qntd5JVTqum1lZ0rXYXjWLwt+SN2JJYjiKg4FU2BBQB3Lnzmfg1DHgZdxMIw/OYdC3+8Mek86CgcP0zXXZ7eIarOjv/JBYU+Z0L3D2GOxaD6y9K7Ep7NYxd4GrOiKrAAYMDrWxFae0fSeZB7oertgddXVOcNqjg52DdxCt0dR2HRUNXZBLVXu44bB4U+5wVSMZ7eX+PBsfh97CbXMYniUHQFVmPl9kNeyX8us2rvTDoXcie0wR1vHt7z942V2w8lnYtLw29wRbj+OVe5RMih1xqpjruwyOclsriLq2EcC8D3TVMcccco1t9fKi5FV2ABQMO8nf1vHO683gbhTao6kHQ+lD1VHVBrv3FKVff1Dy1+seh+L6Nu2lWEy5Oc1cjV6+sNVZ1N1khFPhYWCr0nF8XVsIk+FvWXpXdZJPWSC98kpLEr+r4GX2q98DNlUnqTiPlw0rnQ+ITW7gx04F8aq7c9mHQucaptn7s3m4aOCu1dU7llOjDY9VtFVjttDDn6/XMya3Okwc7z2gSRBbm650iy6Y7u0kQfi9r2uTtcdZkfC1e9vGjiKMoZrCPdsWDbD4D+SzUMH7BQTTofGp2FqobhA0b6P1XsxdWQpmwuUrx9rtsRsxo5WTJUaP2ayi0zc1lcAYNv1DVUbalWhAsT3eys2ur5MjOp4grgWHhBTv+897rq5UUTR9HPYB1pWevcRYGGXynxSi5WsNbKNwJBJsxs9Ty55VhHeRSbuubU9NDXHeNp8jjST9N1zanpgW+XG5gVbrMcvrGmrYQrozQSdWnZI+XLVWV5XA0y3yXPPv+RJuJY5GIWT6G7rZFqdnGn8ZpQBRYAXLER3h+Vzf6MEVQb8RYIpCTpnCY6VR2wCNvUhs2nLuj5wSqBTTqnXKvZlJpprHaMZYlvLEtzQ+fJrXR2rEgePEyPZbABpFTH8aAdPrfO82V1/WXpXa7juzYRx2JoidzpgeUK7VXoaj8wq3M9U0vFYcIVWMNST6X8j+wb+HOolHviLzKCCyAoA6Tol02TpxaKfrXYFprgYVXt+tkJpT9NX5IOks4sSUMzWatHKoqy+Qt/8Cd8Ww1ItQoqxrVHSzUNoy3GMy359DA9luHPqyIVACqyeeAOn9NnRTvUmJZCnbmYiGNR2z6nGjDVyP7z7gbQAdiWiTSLTvGYsAXWkb782KyTMhk5VUOZA3ini5EzVTFVwHVEVxQQERxUqztV7a+Mb7tD8X6zfn7XW0nnlm/qNqdm2IytsIIZw78m0B1e4HVE/Um6bnNqRhAEMwBTcbT/L9AdCt2brzNV2VjaPrti8N9MxUhfYxS7rNhdvu/vKpRiMhsTaSyG/6wbNTOO/F56N9sBDJ37SERERERERERERERERERERERERERERERERERERERERERERERERERERERERERERERERERERERERERERERERERERERERERERERERERERERERERERERERERERERERERERERERERERERERERERERERERERERERERERERERERERERERERERERERERERERERERERERERERERERERERERERERERERERERERERERERERERERERERERERERERERERERERERERERERERERERERERERERERERERERERERERERERERERERERERERERERERERERERERERERERERERERERERERERERERERERERERERERERERERERERERERERERERFRA/j8NobsEUZawbgAAAABJRU5ErkJggg==" width="30%"><font size="1"><br></font></div><ul><li><p><font size="1">You can also import the code straight into your IDE:</font></p></li><ul><li><p><a href="https://spring.io/guides/gs/intellij-idea/"><font size="1">IntelliJ IDEA</font></a></p></li></ul></ul><pre type="Java"><code><xmp>@RestController
public class HelloController {
	@GetMapping("/")
	public String index() {
		return "Greetings from Spring Boot!";
	}
}</xmp></code></pre><p><br></p><p><br></p><p><br></p><div><i><b><font color="#8baa4a"><br></font></b></i></div>');
insert into `content` (id, content) values (344786682823970816, '');
insert into `content` (id, content) values (344809467411566592, '');
insert into `content` (id, content) values (344809510294130688, '');
insert into `content` (id, content) values (344809540228878336, '');
insert into `content` (id, content) values (344810285409898496, '');
insert into `content` (id, content) values (344810320184872960, '');
insert into `content` (id, content) values (344810353336651776, '');
insert into `content` (id, content) values (344958891127345152, '');
insert into `content` (id, content) values (344958974724018176, '');
insert into `content` (id, content) values (344959029111558144, '');
insert into `content` (id, content) values (344959093296992256, '');
insert into `content` (id, content) values (346936932292497408, '');
insert into `content` (id, content) values (346937003960569856, '');
insert into `content` (id, content) values (346937119761108992, '');
insert into `content` (id, content) values (347036454628757504, '');
insert into `content` (id, content) values (347036678633951232, '');
insert into `content` (id, content) values (347036719729741824, '');
insert into `content` (id, content) values (347067110301765632, '');
insert into `content` (id, content) values (347356082802397184, '');
insert into `content` (id, content) values (347356109536890880, '<p>1111</p>');


-- alter table `content` add foreign key(id) references `doc`(id);


drop table if exists `user`;
create table `user` (
  `id` bigint not null ,
  `login_name` varchar(50) not null ,
  `name` varchar(50) ,
  `password` char(32) not null ,
  primary key (`id`),
  unique key `login_name_unique` (`login_name`)
) engine=innodb default charset=utf8mb4 comment='user';

insert into `user` (id, `login_name`, `name`, `password`) values (1, 'test', 'Test', 'e70e2222a9d67c4f2eae107533359aa4');
insert into `user` (id, `login_name`, `name`, `password`) values (2, 'siyuan', 'Siyuan', 'e70e2222a9d67c4f2eae107533359aa4');


drop table if exists `ebook_snapshot`;
create table `ebook_snapshot` (
  `id` bigint auto_increment not null ,
  `ebook_id` bigint not null default 0 ,
  `date` date not null ,
  `view_count` int not null default 0 ,
  `vote_count` int not null default 0 ,
  `view_increase` int not null default 0 ,
  `vote_increase` int not null default 0 ,
  primary key (`id`),
  unique key `ebook_id_date_unique` (`ebook_id`, `date`)
) engine=innodb default charset=utf8mb4 comment='ebook snapshot';

insert into `ebook_snapshot` (id, ebook_id, date, view_count, vote_count, view_increase, vote_increase) values (1, 1, '2023-08-09', 78, 12, 20, 2);
insert into `ebook_snapshot` (id, ebook_id, date, view_count, vote_count, view_increase, vote_increase) values (2, 2, '2023-08-09', 0, 0, 0, 0);
insert into `ebook_snapshot` (id, ebook_id, date, view_count, vote_count, view_increase, vote_increase) values (3, 3, '2023-08-09', 0, 0, 0, 0);
insert into `ebook_snapshot` (id, ebook_id, date, view_count, vote_count, view_increase, vote_increase) values (4, 4, '2023-08-09', 0, 0, 0, 0);
insert into `ebook_snapshot` (id, ebook_id, date, view_count, vote_count, view_increase, vote_increase) values (5, 5, '2023-08-09', 0, 0, 0, 0);
insert into `ebook_snapshot` (id, ebook_id, date, view_count, vote_count, view_increase, vote_increase) values (6, 1, '2023-08-08', 58, 10, 10, 3);
insert into `ebook_snapshot` (id, ebook_id, date, view_count, vote_count, view_increase, vote_increase) values (7, 1, '2023-08-07', 48, 7, 5, 1);
insert into `ebook_snapshot` (id, ebook_id, date, view_count, vote_count, view_increase, vote_increase) values (8, 1, '2023-08-06', 43, 6, 17, 3);
insert into `ebook_snapshot` (id, ebook_id, date, view_count, vote_count, view_increase, vote_increase) values (9, 1, '2023-08-05', 16, 3, 6, 1);
insert into `ebook_snapshot` (id, ebook_id, date, view_count, vote_count, view_increase, vote_increase) values (10, 1, '2023-08-04', 10, 2, 5, 1);
insert into `ebook_snapshot` (id, ebook_id, date, view_count, vote_count, view_increase, vote_increase) values (11, 1, '2023-08-03', 5, 1, 5, 1);
insert into `ebook_snapshot` (id, ebook_id, date, view_count, vote_count, view_increase, vote_increase) values (16, 1, '2023-08-10', 129, 22, 51, 10);
insert into `ebook_snapshot` (id, ebook_id, date, view_count, vote_count, view_increase, vote_increase) values (17, 2, '2023-08-10', 0, 0, 0, 0);
insert into `ebook_snapshot` (id, ebook_id, date, view_count, vote_count, view_increase, vote_increase) values (18, 3, '2023-08-10', 0, 0, 0, 0);
insert into `ebook_snapshot` (id, ebook_id, date, view_count, vote_count, view_increase, vote_increase) values (19, 4, '2023-08-10', 0, 0, 0, 0);
insert into `ebook_snapshot` (id, ebook_id, date, view_count, vote_count, view_increase, vote_increase) values (20, 5, '2023-08-10', 0, 0, 0, 0);
insert into `ebook_snapshot` (id, ebook_id, date, view_count, vote_count, view_increase, vote_increase) values (23, 11, '2023-08-10', 0, 0, 0, 0);
insert into `ebook_snapshot` (id, ebook_id, date, view_count, vote_count, view_increase, vote_increase) values (24, 12, '2023-08-10', 0, 0, 0, 0);
insert into `ebook_snapshot` (id, ebook_id, date, view_count, vote_count, view_increase, vote_increase) values (25, 13, '2023-08-10', 0, 0, 0, 0);
insert into `ebook_snapshot` (id, ebook_id, date, view_count, vote_count, view_increase, vote_increase) values (26, 14, '2023-08-10', 0, 0, 0, 0);
insert into `ebook_snapshot` (id, ebook_id, date, view_count, vote_count, view_increase, vote_increase) values (27, 15, '2023-08-10', 0, 0, 0, 0);
insert into `ebook_snapshot` (id, ebook_id, date, view_count, vote_count, view_increase, vote_increase) values (28, 16, '2023-08-10', 0, 0, 0, 0);
insert into `ebook_snapshot` (id, ebook_id, date, view_count, vote_count, view_increase, vote_increase) values (29, 17, '2023-08-10', 0, 0, 0, 0);
insert into `ebook_snapshot` (id, ebook_id, date, view_count, vote_count, view_increase, vote_increase) values (30, 18, '2023-08-10', 0, 0, 0, 0);
insert into `ebook_snapshot` (id, ebook_id, date, view_count, vote_count, view_increase, vote_increase) values (31, 19, '2023-08-10', 0, 0, 0, 0);
insert into `ebook_snapshot` (id, ebook_id, date, view_count, vote_count, view_increase, vote_increase) values (32, 120, '2023-08-10', 0, 0, 0, 0);
insert into `ebook_snapshot` (id, ebook_id, date, view_count, vote_count, view_increase, vote_increase) values (38, 1, '2023-08-11', 151, 23, 22, 1);
insert into `ebook_snapshot` (id, ebook_id, date, view_count, vote_count, view_increase, vote_increase) values (39, 2, '2023-08-11', 0, 0, 0, 0);
insert into `ebook_snapshot` (id, ebook_id, date, view_count, vote_count, view_increase, vote_increase) values (40, 3, '2023-08-11', 0, 0, 0, 0);
insert into `ebook_snapshot` (id, ebook_id, date, view_count, vote_count, view_increase, vote_increase) values (41, 4, '2023-08-11', 0, 0, 0, 0);
insert into `ebook_snapshot` (id, ebook_id, date, view_count, vote_count, view_increase, vote_increase) values (42, 5, '2023-08-11', 0, 0, 0, 0);
insert into `ebook_snapshot` (id, ebook_id, date, view_count, vote_count, view_increase, vote_increase) values (43, 11, '2023-08-11', 0, 0, 0, 0);
insert into `ebook_snapshot` (id, ebook_id, date, view_count, vote_count, view_increase, vote_increase) values (44, 12, '2023-08-11', 0, 0, 0, 0);
insert into `ebook_snapshot` (id, ebook_id, date, view_count, vote_count, view_increase, vote_increase) values (45, 13, '2023-08-11', 0, 0, 0, 0);
insert into `ebook_snapshot` (id, ebook_id, date, view_count, vote_count, view_increase, vote_increase) values (46, 14, '2023-08-11', 0, 0, 0, 0);
insert into `ebook_snapshot` (id, ebook_id, date, view_count, vote_count, view_increase, vote_increase) values (47, 15, '2023-08-11', 0, 0, 0, 0);
insert into `ebook_snapshot` (id, ebook_id, date, view_count, vote_count, view_increase, vote_increase) values (48, 17, '2023-08-11', 0, 0, 0, 0);
insert into `ebook_snapshot` (id, ebook_id, date, view_count, vote_count, view_increase, vote_increase) values (49, 120, '2023-08-11', 0, 0, 0, 0);
insert into `ebook_snapshot` (id, ebook_id, date, view_count, vote_count, view_increase, vote_increase) values (50, 345335889788014592, '2023-08-11', 0, 0, 0, 0);
insert into `ebook_snapshot` (id, ebook_id, date, view_count, vote_count, view_increase, vote_increase) values (51, 5, '2023-08-12', 0, 0, 0, 0);
insert into `ebook_snapshot` (id, ebook_id, date, view_count, vote_count, view_increase, vote_increase) values (52, 2, '2023-08-12', 0, 0, 0, 0);
insert into `ebook_snapshot` (id, ebook_id, date, view_count, vote_count, view_increase, vote_increase) values (53, 1, '2023-08-12', 173, 25, 22, 2);
insert into `ebook_snapshot` (id, ebook_id, date, view_count, vote_count, view_increase, vote_increase) values (54, 11, '2023-08-12', 0, 0, 0, 0);
insert into `ebook_snapshot` (id, ebook_id, date, view_count, vote_count, view_increase, vote_increase) values (55, 12, '2023-08-12', 0, 0, 0, 0);
insert into `ebook_snapshot` (id, ebook_id, date, view_count, vote_count, view_increase, vote_increase) values (56, 13, '2023-08-12', 0, 0, 0, 0);
insert into `ebook_snapshot` (id, ebook_id, date, view_count, vote_count, view_increase, vote_increase) values (57, 14, '2023-08-12', 0, 0, 0, 0);
insert into `ebook_snapshot` (id, ebook_id, date, view_count, vote_count, view_increase, vote_increase) values (58, 15, '2023-08-12', 0, 0, 0, 0);
insert into `ebook_snapshot` (id, ebook_id, date, view_count, vote_count, view_increase, vote_increase) values (59, 17, '2023-08-12', 0, 0, 0, 0);
insert into `ebook_snapshot` (id, ebook_id, date, view_count, vote_count, view_increase, vote_increase) values (60, 120, '2023-08-12', 0, 0, 0, 0);
insert into `ebook_snapshot` (id, ebook_id, date, view_count, vote_count, view_increase, vote_increase) values (61, 345335889788014592, '2023-08-12', 0, 0, 0, 0);
insert into `ebook_snapshot` (id, ebook_id, date, view_count, vote_count, view_increase, vote_increase) values (62, 3, '2023-08-12', 0, 0, 0, 0);
insert into `ebook_snapshot` (id, ebook_id, date, view_count, vote_count, view_increase, vote_increase) values (63, 4, '2023-08-12', 0, 0, 0, 0);
insert into `ebook_snapshot` (id, ebook_id, date, view_count, vote_count, view_increase, vote_increase) values (79, 5, '2023-08-15', 0, 0, 0, 0);
insert into `ebook_snapshot` (id, ebook_id, date, view_count, vote_count, view_increase, vote_increase) values (80, 2, '2023-08-15', 0, 0, 0, 0);
insert into `ebook_snapshot` (id, ebook_id, date, view_count, vote_count, view_increase, vote_increase) values (81, 1, '2023-08-15', 180, 25, 180, 25);
insert into `ebook_snapshot` (id, ebook_id, date, view_count, vote_count, view_increase, vote_increase) values (82, 11, '2023-08-15', 0, 0, 0, 0);
insert into `ebook_snapshot` (id, ebook_id, date, view_count, vote_count, view_increase, vote_increase) values (83, 12, '2023-08-15', 0, 0, 0, 0);
insert into `ebook_snapshot` (id, ebook_id, date, view_count, vote_count, view_increase, vote_increase) values (84, 13, '2023-08-15', 0, 0, 0, 0);
insert into `ebook_snapshot` (id, ebook_id, date, view_count, vote_count, view_increase, vote_increase) values (85, 14, '2023-08-15', 0, 0, 0, 0);
insert into `ebook_snapshot` (id, ebook_id, date, view_count, vote_count, view_increase, vote_increase) values (86, 15, '2023-08-15', 0, 0, 0, 0);
insert into `ebook_snapshot` (id, ebook_id, date, view_count, vote_count, view_increase, vote_increase) values (87, 17, '2023-08-15', 0, 0, 0, 0);
insert into `ebook_snapshot` (id, ebook_id, date, view_count, vote_count, view_increase, vote_increase) values (88, 120, '2023-08-15', 0, 0, 0, 0);
insert into `ebook_snapshot` (id, ebook_id, date, view_count, vote_count, view_increase, vote_increase) values (89, 345335889788014592, '2023-08-15', 0, 0, 0, 0);
insert into `ebook_snapshot` (id, ebook_id, date, view_count, vote_count, view_increase, vote_increase) values (90, 3, '2023-08-15', 0, 0, 0, 0);
insert into `ebook_snapshot` (id, ebook_id, date, view_count, vote_count, view_increase, vote_increase) values (91, 4, '2023-08-15', 0, 0, 0, 0);
insert into `ebook_snapshot` (id, ebook_id, date, view_count, vote_count, view_increase, vote_increase) values (94, 5, '2023-08-16', 0, 0, 0, 0);
insert into `ebook_snapshot` (id, ebook_id, date, view_count, vote_count, view_increase, vote_increase) values (95, 2, '2023-08-16', 64, 10, 64, 10);
insert into `ebook_snapshot` (id, ebook_id, date, view_count, vote_count, view_increase, vote_increase) values (96, 1, '2023-08-16', 241, 32, 61, 7);
insert into `ebook_snapshot` (id, ebook_id, date, view_count, vote_count, view_increase, vote_increase) values (97, 11, '2023-08-16', 32, 5, 32, 5);
insert into `ebook_snapshot` (id, ebook_id, date, view_count, vote_count, view_increase, vote_increase) values (98, 12, '2023-08-16', 9, 1, 9, 1);
insert into `ebook_snapshot` (id, ebook_id, date, view_count, vote_count, view_increase, vote_increase) values (99, 13, '2023-08-16', 77, 14, 77, 14);
insert into `ebook_snapshot` (id, ebook_id, date, view_count, vote_count, view_increase, vote_increase) values (100, 14, '2023-08-16', 0, 0, 0, 0);
insert into `ebook_snapshot` (id, ebook_id, date, view_count, vote_count, view_increase, vote_increase) values (101, 15, '2023-08-16', 19, 2, 19, 2);
insert into `ebook_snapshot` (id, ebook_id, date, view_count, vote_count, view_increase, vote_increase) values (102, 17, '2023-08-16', 22, 3, 22, 3);
insert into `ebook_snapshot` (id, ebook_id, date, view_count, vote_count, view_increase, vote_increase) values (103, 120, '2023-08-16', 2, 0, 2, 0);
insert into `ebook_snapshot` (id, ebook_id, date, view_count, vote_count, view_increase, vote_increase) values (104, 345335889788014592, '2023-08-16', 0, 0, 0, 0);
insert into `ebook_snapshot` (id, ebook_id, date, view_count, vote_count, view_increase, vote_increase) values (105, 3, '2023-08-16', 6, 0, 6, 0);
insert into `ebook_snapshot` (id, ebook_id, date, view_count, vote_count, view_increase, vote_increase) values (106, 4, '2023-08-16', 58, 7, 58, 7);
insert into `ebook_snapshot` (id, ebook_id, date, view_count, vote_count, view_increase, vote_increase) values (107, 5, '2023-08-17', 0, 0, 0, 0);
insert into `ebook_snapshot` (id, ebook_id, date, view_count, vote_count, view_increase, vote_increase) values (108, 2, '2023-08-17', 64, 10, 0, 0);
insert into `ebook_snapshot` (id, ebook_id, date, view_count, vote_count, view_increase, vote_increase) values (109, 1, '2023-08-17', 275, 32, 34, 0);
insert into `ebook_snapshot` (id, ebook_id, date, view_count, vote_count, view_increase, vote_increase) values (110, 11, '2023-08-17', 32, 5, 0, 0);
insert into `ebook_snapshot` (id, ebook_id, date, view_count, vote_count, view_increase, vote_increase) values (111, 12, '2023-08-17', 9, 1, 0, 0);
insert into `ebook_snapshot` (id, ebook_id, date, view_count, vote_count, view_increase, vote_increase) values (112, 13, '2023-08-17', 77, 14, 0, 0);
insert into `ebook_snapshot` (id, ebook_id, date, view_count, vote_count, view_increase, vote_increase) values (113, 14, '2023-08-17', 0, 0, 0, 0);
insert into `ebook_snapshot` (id, ebook_id, date, view_count, vote_count, view_increase, vote_increase) values (114, 15, '2023-08-17', 19, 2, 0, 0);
insert into `ebook_snapshot` (id, ebook_id, date, view_count, vote_count, view_increase, vote_increase) values (115, 17, '2023-08-17', 22, 3, 0, 0);
insert into `ebook_snapshot` (id, ebook_id, date, view_count, vote_count, view_increase, vote_increase) values (116, 120, '2023-08-17', 2, 0, 0, 0);
insert into `ebook_snapshot` (id, ebook_id, date, view_count, vote_count, view_increase, vote_increase) values (117, 345335889788014592, '2023-08-17', 0, 0, 0, 0);
insert into `ebook_snapshot` (id, ebook_id, date, view_count, vote_count, view_increase, vote_increase) values (118, 3, '2023-08-17', 6, 0, 0, 0);
insert into `ebook_snapshot` (id, ebook_id, date, view_count, vote_count, view_increase, vote_increase) values (119, 4, '2023-08-17', 58, 7, 0, 0);
insert into `ebook_snapshot` (id, ebook_id, date, view_count, vote_count, view_increase, vote_increase) values (122, 347356020105940992, '2023-08-17', 0, 0, 0, 0);
